Directors Score,Total Revenue,Total Debt,Debt-to-Income Ratio,Operating Margin,Debt Service Coverage Ratio,Cash Flow Volatility,Revenue Growth Rate,Average Month-End Balance,Average Negative Balance Days per Month,Number of Bounced Payments,Company Age (Months),Sector_Risk,synthetic_id,scenario_name,generated_at,data_source,synthetic_label_type,synthetic_pd,synthetic_outcome
68,271803.0710300092,0.0,0.0,-0.02296050240493476,10.0,0.5485842109946788,0.9509449302990868,-21.01546820839053,2.0,12,57,0,syn_0,adverse_case,2026-03-12T21:20:16Z,synthetic,rule_based,0.2869429480901078,0
79,0.0,0.002498823745537486,0.09614933178118179,0.1322765068950782,0.0,1.0426728653131878,-1.0,5044.877841992314,0.0,0,73,0,syn_1,adverse_case,2026-03-12T21:20:16Z,synthetic,rule_based,0.18926756856023508,1
27,195742.61722794344,0.0,0.0,0.04607668257607189,10.0,0.36677990432270446,-1.0,748.1164437830647,0.7479057743815496,0,37,0,syn_2,adverse_case,2026-03-12T21:20:16Z,synthetic,rule_based,0.2869429480901078,1
57,206295.74186314756,0.0,0.0,0.3694286448846853,10.0,0.867707805716719,-0.4588761870244744,-474.3988725799131,16.77775249901528,0,123,0,syn_3,adverse_case,2026-03-12T21:20:16Z,synthetic,rule_based,0.2869429480901078,1
31,105339.20818054501,17593.991477462023,0.16702224918291572,0.030598796022292204,0.18320191574466044,0.6250174504994297,-1.0,-2216.8547544575504,3.4862449760003296,0,33,0,syn_4,adverse_case,2026-03-12T21:20:16Z,synthetic,rule_based,0.2869429480901078,0
41,0.0,0.0,0.06270276949003906,-0.032925784921175504,10.0,0.6794754384938538,0.9315407596240866,8187.092476882374,0.0,2,17,0,syn_5,adverse_case,2026-03-12T21:20:16Z,synthetic,rule_based,0.2869429480901078,1
66,0.0,0.0,0.21319604615752874,-0.023054927542320934,10.0,0.502771577130202,-1.0,318.54202920322473,2.0,17,69,0,syn_6,adverse_case,2026-03-12T21:20:16Z,synthetic,rule_based,0.2869429480901078,0
60,0.0,0.0,0.0,-0.1119248108870241,10.0,0.3872074896360002,1.5434529897523288,-4570.284866197699,4.227779064846668,0,51,0,syn_7,adverse_case,2026-03-12T21:20:16Z,synthetic,rule_based,0.19896624020568074,1
80,0.0,0.08921444029641612,0.0,-0.9466112658872629,0.0,0.6403655621097832,4.577020768034293,27348.10381450026,0.0,0,142,0,syn_8,adverse_case,2026-03-12T21:20:16Z,synthetic,rule_based,0.2869429480901078,1
67,0.0,0.2212577420119778,0.08575128769232271,-0.039748526356152544,0.0,0.7169549446617642,-1.0,5802.6186937540915,2.2717282032914126,0,23,0,syn_9,adverse_case,2026-03-12T21:20:16Z,synthetic,rule_based,0.20855013467189035,1
71,0.0,0.0,0.1286653589378089,-0.2039882988609604,10.0,0.6896906577096544,0.7767215762127052,2918.286439740684,0.11938758502878757,1,21,0,syn_10,adverse_case,2026-03-12T21:20:16Z,synthetic,rule_based,0.1895545115083252,1
60,456101.3014602219,0.0,0.0,0.019053072070499107,10.0,0.35168986114425954,0.43928957196737833,40275.19908013474,0.0,2,16,0,syn_11,adverse_case,2026-03-12T21:20:16Z,synthetic,rule_based,0.17314137487757106,1
79,26146.824727162777,0.0,0.0,0.3093560659557513,10.0,0.7243611462780954,0.8616733712879543,956.3031549915752,7.681574814904501,4,17,0,syn_12,adverse_case,2026-03-12T21:20:16Z,synthetic,rule_based,0.18737374510284038,1
58,0.0,0.0,0.0631210007180681,0.12636046497056816,10.0,0.6587389870128952,-1.0,-365.74458752530796,1.5997767699946848,0,32,0,syn_13,adverse_case,2026-03-12T21:20:16Z,synthetic,rule_based,0.2869429480901078,1
70,0.0,0.0,0.42584942240565965,-0.43252580480479885,10.0,0.7536377481889974,5.0,-1990.8242939952006,0.0,1,57,0,syn_14,adverse_case,2026-03-12T21:20:16Z,synthetic,rule_based,0.18628336190009798,1
63,391329.2597119428,34027.33721377786,0.08695321489332374,-0.15782001596468634,0.0,0.4166377062739236,-0.5767940534296769,-814.137953617553,11.921376014911514,0,57,0,syn_15,adverse_case,2026-03-12T21:20:16Z,synthetic,rule_based,0.2869429480901078,0
62,3316950.1432623733,35262.72755271368,0.010631069515573473,-0.7309946558225734,0.0,0.4917484336509972,0.15382991200673968,-23406.85791746266,26.22747021136675,0,89,0,syn_16,adverse_case,2026-03-12T21:20:16Z,synthetic,rule_based,0.2701854799216455,1
53,639692.6709263903,61428.84322865336,0.09602868067832217,-0.23547559574300467,0.0,1.230555686539263,5.0,-628.6348410677751,6.1937234494743905,0,31,0,syn_17,adverse_case,2026-03-12T21:20:16Z,synthetic,rule_based,0.2869429480901078,1
60,327786.3174507661,96466.98699715783,0.29429839459863144,0.020466813073231893,0.06954442650339578,0.49345073760333386,1.0119419169080501,711.813857308031,2.0,13,61,0,syn_18,adverse_case,2026-03-12T21:20:16Z,synthetic,rule_based,0.2869429480901078,1
65,707084.2620632784,0.0,0.0,-0.31267460996215246,10.0,0.6323184319158094,1.3985840344523677,2596.692502468823,15.782554917999661,36,56,0,syn_19,adverse_case,2026-03-12T21:20:16Z,synthetic,rule_based,0.2869429480901078,0
82,384117.8509148367,5112.287155042443,0.013309163171840966,0.48483576106896586,36.42871868118375,1.1256771907356766,1.8001013206571312,-824.0388550252753,13.543660712846142,1,128,0,syn_20,adverse_case,2026-03-12T21:20:16Z,synthetic,rule_based,0.14714434378060728,1
58,0.0,0.0,0.0,0.008180021635785531,10.0,0.7065481588971264,-1.0,2291.1272840850006,0.5432055961036791,0,2,0,syn_21,adverse_case,2026-03-12T21:20:16Z,synthetic,rule_based,0.2869429480901078,1
38,556234.3831216245,0.0,0.0,-0.01772603129623497,10.0,0.5636347169333228,3.944639398249589,-4048.240052181948,2.0,10,63,0,syn_22,adverse_case,2026-03-12T21:20:16Z,synthetic,rule_based,0.2446475575416259,0
73,1066896.4337030202,0.0,0.0,0.11253144018940966,10.0,0.5531532762052948,0.7982861576817355,2679.2248571081577,0.6313733741232861,0,31,0,syn_23,adverse_case,2026-03-12T21:20:16Z,synthetic,rule_based,0.17543691846229192,1
69,487359.21528957033,0.0,0.0,0.050812907713573975,10.0,0.8725739233412758,1.0961874986107931,1849.9374937470416,0.015059122170004467,3,37,0,syn_24,adverse_case,2026-03-12T21:20:16Z,synthetic,rule_based,0.2869429480901078,0
50,310671.25666575285,0.0,0.0,-0.3228726909725617,10.0,0.526737781620551,0.18960058079437647,3040.6580303774736,5.349819150463334,0,40,0,syn_25,adverse_case,2026-03-12T21:20:16Z,synthetic,rule_based,0.2204295727228208,1
66,1193451.4987155285,65943.96667521304,0.055254835865710755,-0.1314631470353032,0.0,0.441503916333495,-1.0,-3996.7198329265666,24.617456827004688,0,28,0,syn_26,adverse_case,2026-03-12T21:20:16Z,synthetic,rule_based,0.24367195151811952,1
60,301699.01442334655,0.0,0.0,-0.2675391888571429,10.0,1.0143703087900884,0.2865738087302089,12087.198581900206,0.0,1,11,0,syn_27,adverse_case,2026-03-12T21:20:16Z,synthetic,rule_based,0.2869429480901078,0
58,0.0,0.0,0.0,0.006124843212306719,10.0,1.727974267409773,5.0,1723.0407445553433,18.65887873771527,3,25,0,syn_28,adverse_case,2026-03-12T21:20:16Z,synthetic,rule_based,0.2869429480901078,1
45,0.0,0.0,0.0,0.0013286572308429667,10.0,0.7867676024364619,-1.0,3284.1444826949896,0.0,1,13,0,syn_29,adverse_case,2026-03-12T21:20:16Z,synthetic,rule_based,0.22622582027424099,1
64,736885.8503250633,0.0,0.0,-0.3137418802037486,10.0,0.5773063403245314,-0.37747124832859674,-117.26426535839255,14.707768960498749,38,37,0,syn_30,adverse_case,2026-03-12T21:20:16Z,synthetic,rule_based,0.2869429480901078,1
69,495468.8589527377,110449.1693424191,0.2229184889154754,-1.0,0.0,1.201150200145228,3.49959782808459,3459.161014122789,1.091441791501127,0,190,0,syn_31,adverse_case,2026-03-12T21:20:16Z,synthetic,rule_based,0.2869429480901078,0
35,318908.9295814885,20021.62634055359,0.06278164229151072,-0.14177293065421084,0.0,1.0164532753609934,-1.0,12316.337741779455,0.0,4,126,0,syn_32,adverse_case,2026-03-12T21:20:16Z,synthetic,rule_based,0.2869429480901078,1
38,162050.5643650425,0.0,0.0,0.09573571361829723,10.0,0.36097741186161536,2.8939180187279754,-2518.7577719158253,2.0,5,47,0,syn_33,adverse_case,2026-03-12T21:20:16Z,synthetic,rule_based,0.2869429480901078,1
64,79819.34264204484,0.0,0.0,-0.025791029613215846,10.0,1.2602673302834488,-1.0,2487.423760006307,1.4303684681650588,0,7,0,syn_34,adverse_case,2026-03-12T21:20:16Z,synthetic,rule_based,0.20929618633692462,1
75,0.0,0.18710942509302986,0.0,-0.22725227658910332,0.0,0.6598825064732603,3.670272915062838,2096.044174727447,3.9748283630713424,0,0,0,syn_35,adverse_case,2026-03-12T21:20:16Z,synthetic,rule_based,0.19093183765915772,1
40,1445591.9961971757,0.0,0.0,-0.0565488788764484,10.0,0.47692632706175636,0.20691726699579013,9933.888989129011,1.5807150034561679,2,31,0,syn_36,adverse_case,2026-03-12T21:20:16Z,synthetic,rule_based,0.2869429480901078,1
57,441300.35872974497,0.0,0.0,-0.3332131687035005,10.0,0.9024813535060658,2.3217430978651765,-542.0128809718856,1.9176967046640894,0,52,0,syn_37,adverse_case,2026-03-12T21:20:16Z,synthetic,rule_based,0.2074023628795299,1
58,380777.08937822265,0.0,0.0,-0.019356033439911585,10.0,0.8022740832479726,-0.46679162656628015,22777.355992286713,0.6136834986197557,0,18,0,syn_38,adverse_case,2026-03-12T21:20:16Z,synthetic,rule_based,0.2869429480901078,1
58,345473.64854252926,0.0,0.0,-0.10508035352243486,10.0,1.0000726820229082,2.1832029801627555,3633.764423914793,2.0,5,16,0,syn_39,adverse_case,2026-03-12T21:20:16Z,synthetic,rule_based,0.21664192580803138,0
55,18031.634294647876,0.0,0.0,-0.12436784907526516,10.0,1.7077014561428856,-0.4940583637064967,160.2186236237014,16.66740335749935,0,23,0,syn_40,adverse_case,2026-03-12T21:20:16Z,synthetic,rule_based,0.25107507957884434,1
61,0.0,0.0,0.10968558416595992,0.06190339382325005,10.0,0.6957120698772762,0.6029153255265565,-1790.7900364413535,3.250206629114469,0,52,0,syn_41,adverse_case,2026-03-12T21:20:16Z,synthetic,rule_based,0.2869429480901078,1
84,171178.71601785408,0.0,0.0,-0.11722550886437447,10.0,0.7203918537454085,2.0936113905755547,-1076.7321721955764,20.29541879915142,0,48,0,syn_42,adverse_case,2026-03-12T21:20:16Z,synthetic,rule_based,0.2869429480901078,1
74,0.0,0.0498072244613884,0.3642597701626218,-0.18559735277110295,0.0,0.47519571688435763,-0.9452432141259823,1153.5347404953186,2.010806339984586,0,28,0,syn_43,adverse_case,2026-03-12T21:20:16Z,synthetic,rule_based,0.2031556072477963,1
58,728432.1048087181,0.0,0.0,-0.01673293748467631,10.0,0.6207745262190926,-1.0,1380.262766254328,0.0,0,17,0,syn_44,adverse_case,2026-03-12T21:20:16Z,synthetic,rule_based,0.20464771057786485,1
55,22225.606789847254,3173.0171344265827,0.1427640272964799,-0.33869790386395704,0.0,1.2104922705275476,-1.0,80946.69525113991,1.2005719075968693,0,16,0,syn_45,adverse_case,2026-03-12T21:20:16Z,synthetic,rule_based,0.18880845984329092,1
47,0.0,0.27252852796066823,0.0,-0.2657888831199138,0.0,0.8417210554396384,-0.6322298407092868,-2474.602095166505,1.5138704296775796,0,20,0,syn_46,adverse_case,2026-03-12T21:20:16Z,synthetic,rule_based,0.24539360920666017,1
73,922991.3590620062,0.0,0.0,-0.12072349196182258,10.0,0.4504169460511776,-0.6861219537515132,1064.918297082921,5.118578161564954,0,56,0,syn_47,adverse_case,2026-03-12T21:20:16Z,synthetic,rule_based,0.18783285381978454,1
82,876287.1349283698,292309.69122608943,0.33357752222390397,-0.07289418236973992,0.0,0.3185085696390309,-1.0,5514.98042053264,1.5980553569288907,0,51,0,syn_48,adverse_case,2026-03-12T21:20:16Z,synthetic,rule_based,0.18329915523996088,1
69,0.0,0.0,0.0,-0.5660101216572925,10.0,0.539106947366856,-1.0,-6800.216737233745,22.880549501674302,0,54,0,syn_49,adverse_case,2026-03-12T21:20:16Z,synthetic,rule_based,0.2335141711557297,1
55,390338.6136902823,186004.33439964065,0.4765204565368147,0.07660836789653894,0.16076616826337736,0.6894708354731607,1.8793106329901779,1157.372352478998,4.649727653358745,0,36,0,syn_50,adverse_case,2026-03-12T21:20:16Z,synthetic,rule_based,0.2869429480901078,1
76,381059.94848650205,0.0,0.0,-0.4148987203750897,10.0,0.930883881873659,3.455143841875218,-4009.518475467671,1.3548775126202128,0,0,0,syn_51,adverse_case,2026-03-12T21:20:16Z,synthetic,rule_based,0.18611119613124388,1
40,0.0,0.0,0.22259317833205272,-0.04751842192680755,10.0,1.7622713384965678,5.0,-2262.6828018617384,0.0,1,25,0,syn_52,adverse_case,2026-03-12T21:20:16Z,synthetic,rule_based,0.2355801603819785,1
66,5031.6004625362,0.0,0.0,-0.2617652583507767,10.0,0.6233063299936882,-1.0,4967.515886813888,1.5374576316720039,0,58,0,syn_53,adverse_case,2026-03-12T21:20:16Z,synthetic,rule_based,0.2869429480901078,1
60,0.0,0.0,0.0,0.07352889051802562,10.0,1.731316232650333,-1.0,-2544.4203223525533,8.340202054744948,2,28,0,syn_54,adverse_case,2026-03-12T21:20:16Z,synthetic,rule_based,0.23758876101860923,1
73,220432.4030423141,34289.02691678733,0.1555534778169851,-0.026896344815893036,0.0,0.4762078789038474,2.1206486628132994,1387.0720725938704,20.577933215454053,0,15,0,syn_55,adverse_case,2026-03-12T21:20:16Z,synthetic,rule_based,0.21446115940254654,1
63,914743.464845686,0.0,0.0,-0.09789026145620136,10.0,1.6966219849282091,5.0,2977.8099876310657,21.102786481574277,2,16,0,syn_56,adverse_case,2026-03-12T21:20:16Z,synthetic,rule_based,0.2869429480901078,1
64,522064.2771165474,130481.11885537334,0.24993305340875543,-0.15776523596451902,0.0,1.0991898281724533,1.2479049092393808,-2944.706735626534,0.1102095131629412,0,15,0,syn_57,adverse_case,2026-03-12T21:20:16Z,synthetic,rule_based,0.21893746939275224,1
73,815825.6384739671,41641.92975071333,0.05104268337117493,0.11252809433113929,2.204588138771064,0.7705143793502905,-1.0,1426.1727608347517,4.579586438965292,0,27,0,syn_58,adverse_case,2026-03-12T21:20:16Z,synthetic,rule_based,0.2869429480901078,0
49,960423.0457163176,2198.4926943572787,0.002289087818293203,0.15775441191708983,68.91584091112554,1.0145578611432595,-1.0,-476.4072948904106,10.016669861431236,0,42,0,syn_59,adverse_case,2026-03-12T21:20:16Z,synthetic,rule_based,0.2869429480901078,1
79,0.0,0.0,0.19914027717998473,0.10507515390666433,10.0,0.5033672092702297,-1.0,-2592.032994682162,8.565287736935161,0,22,0,syn_60,adverse_case,2026-03-12T21:20:16Z,synthetic,rule_based,0.18846412830558282,1
72,0.0,0.0,0.0,0.04075612657664458,10.0,0.7212714034639528,-0.13421455000367877,-315.8123864309416,3.6722319364329357,2,24,0,syn_61,adverse_case,2026-03-12T21:20:16Z,synthetic,rule_based,0.2869429480901078,1
67,398980.96350658487,0.0,0.0,-0.01595303231323325,10.0,0.37203897628659016,-1.0,4155.8033178710375,2.0,8,36,0,syn_62,adverse_case,2026-03-12T21:20:16Z,synthetic,rule_based,0.20929618633692462,1
63,220924.36653240872,0.0,0.0,0.1689488205394591,10.0,0.6435881301771724,-0.7506926683348757,2843.0330606024318,6.421608250792391,0,80,0,syn_63,adverse_case,2026-03-12T21:20:16Z,synthetic,rule_based,0.19735935969637614,1
65,864262.5269341964,22653.673582628606,0.026211565209228863,-0.11485639435628754,0.0,1.8353348776433,1.7041837068670256,1856.1381692488587,0.0,0,40,0,syn_64,adverse_case,2026-03-12T21:20:16Z,synthetic,rule_based,0.22025740695396673,1
56,288882.1873565253,19446.573968215253,0.06731662532108694,-0.2040891105166181,0.0,0.6178432605744366,-1.0,-4139.279492102309,15.230708430561654,1,27,0,syn_65,adverse_case,2026-03-12T21:20:16Z,synthetic,rule_based,0.25228023996082277,0
69,0.0,0.0,0.0,-0.047950130565765615,10.0,0.17101984470308926,1.5996198773906365,421.3400908532509,0.0,0,13,0,syn_66,adverse_case,2026-03-12T21:20:16Z,synthetic,rule_based,0.17669946743388837,1
56,0.0,0.0,0.04511196790203614,0.10100974213096528,10.0,0.5924115965111452,-1.0,4809.770429524242,2.1407949857003676,0,0,0,syn_67,adverse_case,2026-03-12T21:20:16Z,synthetic,rule_based,0.2869429480901078,1
33,0.0,0.0,0.0,-0.08955685728443605,10.0,0.4606164391693974,-1.0,-713.2919344850845,2.0,21,15,0,syn_68,adverse_case,2026-03-12T21:20:16Z,synthetic,rule_based,0.3015770384427033,1
65,0.0,0.3176552214298525,0.0,-0.13053198667401816,0.0,0.6194507698991653,0.16087719690852528,1560.6997056910218,1.0092133637773482,0,64,0,syn_69,adverse_case,2026-03-12T21:20:16Z,synthetic,rule_based,0.2869429480901078,1
55,647581.33071911,186024.44056589023,0.2872603513126582,0.01852500936224316,0.06448857030770766,0.29520367452122626,-0.6739561644636509,-2870.7371315016107,24.310981466116402,0,34,0,syn_70,adverse_case,2026-03-12T21:20:16Z,synthetic,rule_based,0.2869429480901078,0
80,0.0,0.08275846343804279,0.0,-0.08020546957550646,0.0,0.8160967382274176,2.4391175253055852,3318.0080282981535,9.408067912413326,1,1,0,syn_71,adverse_case,2026-03-12T21:20:16Z,synthetic,rule_based,0.19684286238981397,1
37,435843.52053333365,18445.746184102543,0.042321946559010046,0.49513073902772264,11.69914853366575,0.7757106499049478,0.6657833100361294,-1057.5727590887782,0.4426264594139979,0,27,0,syn_72,adverse_case,2026-03-12T21:20:16Z,synthetic,rule_based,0.21916702375122435,1
46,0.0,0.09035372018819683,0.09550586745335905,-0.19861059469330283,0.0,1.2883410137054279,5.0,4157.770771185287,5.843623550079441,0,48,0,syn_73,adverse_case,2026-03-12T21:20:16Z,synthetic,rule_based,0.2869429480901078,1
50,0.0,0.0,0.0,0.05557797885115609,10.0,0.9805422956604997,2.418477794475933,-117.42639638561785,10.627285574364436,0,40,0,syn_74,adverse_case,2026-03-12T21:20:16Z,synthetic,rule_based,0.2869429480901078,0
56,0.0,0.0,0.220935843080506,-0.09711115871831125,10.0,1.558522114516288,3.611982536787714,-2664.725733638978,17.30244848457128,1,24,0,syn_75,adverse_case,2026-03-12T21:20:16Z,synthetic,rule_based,0.23999908178256615,0
44,0.0,0.06620803099923912,0.0,-0.06857260049214985,0.0,0.8739417950133301,4.183569532246446,2690.2429299359105,0.0,0,25,0,syn_76,adverse_case,2026-03-12T21:20:16Z,synthetic,rule_based,0.22329900220372187,0
73,62579.37509824942,0.0,0.0,-1.0,10.0,1.2191353742803648,-0.9825783384439082,436.91944800257824,1.8831398655761926,0,187,0,syn_77,adverse_case,2026-03-12T21:20:16Z,synthetic,rule_based,0.2869429480901078,1
63,0.0,0.2884609582372489,0.0,-0.03380861672343628,0.0,0.6991174685791993,-0.6489323244466865,-1174.8000032345353,6.222734486875132,1,32,0,syn_78,adverse_case,2026-03-12T21:20:16Z,synthetic,rule_based,0.2869429480901078,1
68,655078.3105943514,0.0,0.0,-0.06807798717349858,10.0,0.6931080087482345,-0.23495940509541488,3943.618847105546,9.265258572246466,9,49,0,syn_79,adverse_case,2026-03-12T21:20:16Z,synthetic,rule_based,0.2869429480901078,1
65,0.0,0.0,0.19722726339215357,-1.0,10.0,0.7404514158637716,-1.0,8382.972169736882,1.9976078996910833,4,76,0,syn_80,adverse_case,2026-03-12T21:20:16Z,synthetic,rule_based,0.22375811092066605,1
59,0.0,0.10851889265839201,0.0,0.4887053849291618,0.0,0.8882342936864094,-0.7419510136359889,4211.009588700348,12.851415146749837,3,134,0,syn_81,adverse_case,2026-03-12T21:20:16Z,synthetic,rule_based,0.2869429480901078,0
75,219758.797501187,0.0,0.0,0.028077467798159617,10.0,0.8272291518015609,-0.18840175654152413,2811.0122745840686,0.04873113263057527,1,47,0,syn_82,adverse_case,2026-03-12T21:20:16Z,synthetic,rule_based,0.18249571498530856,1
68,0.0,0.0,0.0,-0.0008634117507541894,10.0,0.3951084259491805,2.8698736380276753,7491.519720902117,0.0,3,110,0,syn_83,adverse_case,2026-03-12T21:20:16Z,synthetic,rule_based,0.2869429480901078,1
80,211045.1751539568,4659.697049615763,0.022079145122443706,-0.25085762453769433,0.0,0.6026341265086077,1.50304398598868,-978.9096754698112,1.2143766922495378,0,112,0,syn_84,adverse_case,2026-03-12T21:20:16Z,synthetic,rule_based,0.18261049216454459,1
81,0.0,0.24525859112978995,0.3158371005963264,-0.012682288214282064,0.0,0.8663558401413303,3.0500974806369054,-3751.1445118388046,22.63475330938297,1,36,0,syn_85,adverse_case,2026-03-12T21:20:16Z,synthetic,rule_based,0.2869429480901078,0
65,0.0,0.0,0.2607130135616175,0.0012067915952479191,10.0,0.7054082850603355,-1.0,66.00563489709367,0.23447350769062636,2,23,0,syn_86,adverse_case,2026-03-12T21:20:16Z,synthetic,rule_based,0.20504943070519102,0
75,285204.32070985716,25686.486677679513,0.09006345560876261,-0.21780315161521455,0.0,1.089037758002164,0.2800051561579785,-642.8649926491865,2.4254718829823054,0,28,0,syn_87,adverse_case,2026-03-12T21:20:16Z,synthetic,rule_based,0.207574528648384,1
71,0.0,0.0,0.0,-0.05050361365919684,10.0,1.1895870597795575,-0.8099805842652859,6142.180525759497,0.0,0,55,0,syn_88,adverse_case,2026-03-12T21:20:16Z,synthetic,rule_based,0.2869429480901078,1
62,0.0,0.0,0.0029055763875137767,0.14370073932722446,10.0,0.3565669067248348,2.1796770957241405,4051.7930029526588,0.24258147116034434,2,110,0,syn_89,adverse_case,2026-03-12T21:20:16Z,synthetic,rule_based,0.2869429480901078,1
30,326217.5281685345,87.41629927467186,0.0002679693508973858,0.10127452163688463,377.93322742967706,0.6105779969535503,-1.0,-1127.6845294082211,3.664435770189215,0,19,0,syn_90,adverse_case,2026-03-12T21:20:16Z,synthetic,rule_based,0.2869429480901078,1
61,1141142.9044567908,0.0,0.0,-0.12802384686037238,10.0,0.8709064016833447,-1.0,-2204.601994564007,2.1381701112247784,0,75,0,syn_91,adverse_case,2026-03-12T21:20:16Z,synthetic,rule_based,0.2869429480901078,0
60,613550.9493073663,0.0,0.0,0.2371228210674421,10.0,0.5222352362562941,0.30641417869929877,-1230.3347153634068,2.0,13,51,0,syn_92,adverse_case,2026-03-12T21:20:16Z,synthetic,rule_based,0.2869429480901078,1
37,718145.8771420827,0.0,0.0,-0.019498670346778928,10.0,1.295350938787743,-1.0,-1845.4619421643802,3.9570685004326647,0,20,0,syn_93,adverse_case,2026-03-12T21:20:16Z,synthetic,rule_based,0.2525097943192949,1
42,232002.03220420194,0.0,0.0,-0.6116943836087769,10.0,1.0908324296191771,5.0,381.88940169395,3.5533312957839476,0,43,0,syn_94,adverse_case,2026-03-12T21:20:16Z,synthetic,rule_based,0.22966913565132227,1
76,0.0,0.0,0.0,-0.5054671555417166,10.0,0.7599486037097172,0.18899592424186637,2736.2894403333476,14.04165996326876,2,31,0,syn_95,adverse_case,2026-03-12T21:20:16Z,synthetic,rule_based,0.21096045543584724,1
39,363664.23400295526,40696.96405477157,0.11190807412323328,0.02685373859355461,0.23996247638024087,0.9572898198365222,-1.0,464.9848449761638,0.43098701373820897,0,37,0,syn_96,adverse_case,2026-03-12T21:20:16Z,synthetic,rule_based,0.24986991919686585,1
39,393705.36010545917,100550.83967765991,0.25539616643960866,0.10959339902299566,0.42911137058476667,0.6665080674473285,2.4041363921508085,7733.102154071761,7.456802235073612,0,79,0,syn_97,adverse_case,2026-03-12T21:20:16Z,synthetic,rule_based,0.234202834231146,1
71,449013.12368327234,0.0,0.0,-0.2428777567137094,10.0,0.6845658257099065,3.9855456195102423,-471.9337364176841,6.792792316400783,0,112,0,syn_98,adverse_case,2026-03-12T21:20:16Z,synthetic,rule_based,0.2869429480901078,1
63,714815.2998770825,0.0,0.0,0.3386860541162951,10.0,0.5626939124945607,1.7947964866858572,8325.788881851886,3.1795105163701383,6,18,0,syn_99,adverse_case,2026-03-12T21:20:16Z,synthetic,rule_based,0.2869429480901078,1
69,0.0,0.004671063222911091,0.0,0.20259066270375045,0.0,0.3670512149702678,2.581354518880378,-2136.975297184355,0.0,1,108,0,syn_100,adverse_case,2026-03-12T21:20:16Z,synthetic,rule_based,0.2869429480901078,0
81,0.0,0.0,0.4007018820802684,-0.8168077064197737,10.0,0.6017855747314019,0.03583867195562451,22921.955486563984,0.33956062562321804,1,116,0,syn_101,adverse_case,2026-03-12T21:20:16Z,synthetic,rule_based,0.2869429480901078,0
61,0.0,0.0,0.010696325364380045,-0.2369943938330859,10.0,1.038814091558905,-1.0,-5071.705363878843,0.9367567953107248,2,56,0,syn_102,adverse_case,2026-03-12T21:20:16Z,synthetic,rule_based,0.2869429480901078,1
41,0.0,0.1609140603169673,0.0,0.01558031614764363,0.0,1.0701913888975076,1.0173298120609577,1338.0456725319598,2.0,10,35,0,syn_103,adverse_case,2026-03-12T21:20:16Z,synthetic,rule_based,0.27144802889324193,1
55,180856.6796379996,8274.917566555368,0.0457540057857876,0.04626462877764476,1.011160181127043,0.3136156455941836,-0.22735992125184395,240.3307137608931,21.678725836914616,0,43,0,syn_104,adverse_case,2026-03-12T21:20:16Z,synthetic,rule_based,0.2869429480901078,0
66,695150.9967341865,65142.986200231855,0.09371055570124052,-0.092339359350901,0.0,0.48987482601125715,-1.0,528.0667229994073,12.193958691802106,0,43,0,syn_105,adverse_case,2026-03-12T21:20:16Z,synthetic,rule_based,0.2869429480901078,1
74,176265.46644244014,32289.37639201573,0.18318606045591973,-0.04991159721058641,0.0,0.9599042417734953,-1.0,899.1233355653465,2.5212042775737693,1,26,0,syn_106,adverse_case,2026-03-12T21:20:16Z,synthetic,rule_based,0.2869429480901078,1
79,0.0,0.0,0.0,-0.002974741804262035,10.0,0.6508261816465792,-0.40679404093485694,81.23861351298342,4.292449045238908,3,33,0,syn_107,adverse_case,2026-03-12T21:20:16Z,synthetic,rule_based,0.18892323702252697,0
57,0.0,0.16582421421321059,0.08097101752714178,-0.23765351474802937,0.0,1.1895744171912226,3.3346573394975145,-2950.4220372241657,25.076140018587324,3,93,0,syn_108,adverse_case,2026-03-12T21:20:16Z,synthetic,rule_based,0.2869429480901078,0
68,0.0,0.0,0.0,-0.8030358746746791,10.0,0.6112654652549574,0.3593529210647353,7985.112636890446,0.0,3,17,0,syn_109,adverse_case,2026-03-12T21:20:16Z,synthetic,rule_based,0.20591025954946135,0
55,0.0,0.37246351227897606,0.12053048926129979,-0.059556769910069515,0.0,0.6731389725352667,3.4937333995330113,19931.635376523885,3.5002746327956498,0,28,0,syn_110,adverse_case,2026-03-12T21:20:16Z,synthetic,rule_based,0.2869429480901078,1
70,143474.12989242442,0.0,0.0,-0.010501713709002922,10.0,1.0650810676057494,-1.0,2389.807008238268,1.8028518510440175,0,50,0,syn_111,adverse_case,2026-03-12T21:20:16Z,synthetic,rule_based,0.2869429480901078,0
43,450239.1056598733,0.0,0.0,0.07073922346403282,10.0,0.4707578973957221,0.8632975921776096,-2073.096414280995,1.0865646317579167,2,50,0,syn_112,adverse_case,2026-03-12T21:20:16Z,synthetic,rule_based,0.2869429480901078,1
37,0.0,0.0,0.0,-0.15456541783448607,10.0,1.1166160077219585,-1.0,-6191.074544724224,6.856081321223556,2,30,0,syn_113,adverse_case,2026-03-12T21:20:16Z,synthetic,rule_based,0.2643892323702253,1
56,0.0,0.28774109647184626,0.0,-0.10163324374361732,0.0,0.795651143004158,-0.705373475061764,1036.2186625939603,2.5709436144186535,2,112,0,syn_114,adverse_case,2026-03-12T21:20:16Z,synthetic,rule_based,0.22714403770812933,1
68,679661.8132577157,312588.57854428206,0.4599178186074639,0.07574625662742823,0.16469519893091386,0.7225383193088689,2.2156654195233694,-1747.1156024233087,5.874776656873706,1,66,0,syn_115,adverse_case,2026-03-12T21:20:16Z,synthetic,rule_based,0.2074023628795299,1
65,1177.6532391227083,0.0,0.0,-0.08693435430154899,10.0,0.6865078015652222,0.2015509998236245,2647.647647697141,0.0,3,40,0,syn_116,adverse_case,2026-03-12T21:20:16Z,synthetic,rule_based,0.2869429480901078,1
59,166361.41061146572,14971.806322203875,0.08999566826930962,0.3816716996761425,4.2410007838821775,0.5417439396384356,2.08783892085146,5613.008821605352,2.3110951574065806,0,24,0,syn_117,adverse_case,2026-03-12T21:20:16Z,synthetic,rule_based,0.2869429480901078,1
70,0.0,0.0,0.0,-0.0838652949339385,10.0,0.8263518952043134,0.7158643100637044,-1734.2328238155637,6.784513450178004,0,23,0,syn_118,adverse_case,2026-03-12T21:20:16Z,synthetic,rule_based,0.19850713148873655,1
67,727323.5858827379,0.0,0.0,-0.5604186805510487,10.0,0.6300745074449862,4.261333529269546,47674.71661004575,0.08950706620003424,1,131,0,syn_119,adverse_case,2026-03-12T21:20:16Z,synthetic,rule_based,0.15471963761018612,1
56,0.0,0.04205825821722931,0.0,0.5440837651774404,0.0,0.7790834722128253,-1.0,-5833.149093635224,14.358097795253103,0,129,0,syn_120,adverse_case,2026-03-12T21:20:16Z,synthetic,rule_based,0.2869429480901078,1
70,1019660.7272020401,0.0,0.0,-0.005910754267640164,10.0,0.7103487056253125,2.0339765384383512,-330.1133404197658,10.347465926419051,6,60,0,syn_121,adverse_case,2026-03-12T21:20:16Z,synthetic,rule_based,0.2869429480901078,0
25,0.0,0.30327372934506724,0.0,0.016991231699540386,0.0,0.3136399387777795,3.4114679622747746,687.750118668509,0.0,0,35,0,syn_122,adverse_case,2026-03-12T21:20:16Z,synthetic,rule_based,0.2869429480901078,0
56,0.0,0.0,0.0,-0.15914329671176042,10.0,1.1269457942565138,0.37873796914519064,-1801.3972223159644,25.758699905076973,0,78,0,syn_123,adverse_case,2026-03-12T21:20:16Z,synthetic,rule_based,0.2869429480901078,0
55,0.0,0.0,0.0,-0.10619943012203378,10.0,0.9658322235226945,1.3538570443726021,-3121.5888587776876,0.03311871976886935,0,38,0,syn_124,adverse_case,2026-03-12T21:20:16Z,synthetic,rule_based,0.20992746082272287,1
62,0.0,0.0,0.005884715116994545,0.1361473678262456,10.0,0.7853281135970093,1.9682108810579142,-941.1855600095648,7.391813377350564,0,27,0,syn_125,adverse_case,2026-03-12T21:20:16Z,synthetic,rule_based,0.2869429480901078,1
69,0.0,0.18855316024505506,0.0,-1.0,0.0,0.6779823298622798,-0.513691762836108,33579.12312913519,0.49815191299421885,1,24,0,syn_126,adverse_case,2026-03-12T21:20:16Z,synthetic,rule_based,0.2037294931439765,1
77,818944.0106882465,0.0,0.0,-0.06627261960817889,10.0,1.01863768750614,-1.0,8440.73315154041,0.6696296264795835,0,38,0,syn_127,adverse_case,2026-03-12T21:20:16Z,synthetic,rule_based,0.2869429480901078,1
61,176028.85293426085,0.0,0.0,-0.03702275098646855,10.0,1.0757473846675967,5.0,-5787.381996518918,13.42703662348609,1,15,0,syn_128,adverse_case,2026-03-12T21:20:16Z,synthetic,rule_based,0.21405943927522042,1
75,354043.8615126404,13625.103114245092,0.03848422355363627,-0.19031299121478149,0.0,0.824527742375792,3.0664956423629834,1686.5903281221808,2.8922485081340152,0,104,0,syn_129,adverse_case,2026-03-12T21:20:16Z,synthetic,rule_based,0.2869429480901078,1
61,134553.98165682994,0.0,0.0,0.1326669186254681,10.0,0.7506672585823023,-1.0,327.33469355168916,3.4849610581788384,1,15,0,syn_130,adverse_case,2026-03-12T21:20:16Z,synthetic,rule_based,0.2869429480901078,0
40,0.0,0.23390762945877674,0.0,0.04004379970759569,0.0,0.4626650112854961,1.6800735106056628,-1056.4356407553441,0.0,0,48,0,syn_131,adverse_case,2026-03-12T21:20:16Z,synthetic,rule_based,0.2869429480901078,1
33,512470.2832240186,244648.3729539458,0.4773903599147845,-0.15866588726678274,0.0,1.2606380004819797,2.3009520833486605,11902.988097683074,0.6797962410423467,0,118,0,syn_132,adverse_case,2026-03-12T21:20:16Z,synthetic,rule_based,0.2869429480901078,1
75,179234.53097786778,4843.757703937236,0.027024690373616413,-0.06550252130640294,0.0,0.39991747617297685,2.0713669816222704,8394.936920835049,0.0,0,92,0,syn_133,adverse_case,2026-03-12T21:20:16Z,synthetic,rule_based,0.17451870102840356,1
54,0.0,0.24568416245603025,0.0,0.025541415525080637,0.0,0.42947669125138,-0.26782383389456205,493.6727904166403,23.448984424671078,0,23,0,syn_134,adverse_case,2026-03-12T21:20:16Z,synthetic,rule_based,0.2869429480901078,0
75,0.0,0.08204240313591027,0.0,-0.006628464731390893,0.0,0.45865789572599336,-1.0,1744.419528024408,2.0,11,14,0,syn_135,adverse_case,2026-03-12T21:20:16Z,synthetic,rule_based,0.22450416258570033,1
74,0.0,0.0519615713611019,0.20498433862507986,-0.027382326079007487,0.0,0.4535142231805077,0.9064274620967101,-715.4161411877011,0.0,0,19,0,syn_136,adverse_case,2026-03-12T21:20:16Z,synthetic,rule_based,0.1913909463761019,1
51,322427.6409019682,67536.67939386638,0.2094630572147517,-0.0975082264131153,0.0,0.9748249936375649,5.0,-134.38266241820588,0.0,0,26,0,syn_137,adverse_case,2026-03-12T21:20:16Z,synthetic,rule_based,0.21733058888344764,1
72,125407.78058813099,0.0,0.0,-0.07331304564979955,10.0,0.5671773007909456,-1.0,3360.2643833028233,0.3811328484933827,0,90,0,syn_138,adverse_case,2026-03-12T21:20:16Z,synthetic,rule_based,0.18146272037218417,1
65,239652.37471876194,32172.277392195116,0.13424560232273972,0.41194530968782694,3.0685944460025563,0.92090062933874,-1.0,1209.686886360045,13.645890811314981,0,127,0,syn_139,adverse_case,2026-03-12T21:20:16Z,synthetic,rule_based,0.2869429480901078,0
41,542366.9917588487,185483.43168275163,0.34198879080241423,0.09259816382191748,0.27076373937476955,0.7412255262862127,-1.0,-1761.3635131304923,0.01572820637377037,0,99,0,syn_140,adverse_case,2026-03-12T21:20:16Z,synthetic,rule_based,0.24085991062683648,1
60,0.0,0.16842539182752658,0.0,0.22491545276068442,0.0,0.8247758426955503,-1.0,4550.5224805806865,2.725460838791989,0,17,0,syn_141,adverse_case,2026-03-12T21:20:16Z,synthetic,rule_based,0.2153793768364349,1
54,29614.52668216615,4792.7837955068135,0.16183894637063456,-0.04195633994953774,0.0,0.7000348435856207,2.3553234310465756,22903.170842766645,5.231075901163332,0,36,0,syn_142,adverse_case,2026-03-12T21:20:16Z,synthetic,rule_based,0.2869429480901078,1
69,601168.7230345785,32925.09698076421,0.05476847966169125,-0.0630458635673038,0.0,0.557437753422899,-0.5011411029114763,-19807.9749447166,20.87274994240102,0,76,0,syn_143,adverse_case,2026-03-12T21:20:16Z,synthetic,rule_based,0.24080252203721844,1
67,0.0,0.0,0.018470807650891617,-0.6336416576024205,10.0,1.4574465757399984,1.334965831732355,1232.722251348194,0.0,0,85,0,syn_144,adverse_case,2026-03-12T21:20:16Z,synthetic,rule_based,0.2068284769833497,1
74,114582.41228372631,15224.649320793642,0.13287073484798625,0.09105918800323068,0.6853216256191328,1.5042571828667028,-1.0,1341.2131311273763,3.6871166512054767,1,48,0,syn_145,adverse_case,2026-03-12T21:20:16Z,synthetic,rule_based,0.21514982247796283,1
66,993619.5791417398,0.0,0.0,0.01065980391735291,10.0,0.6191656110965376,-1.0,7819.820663952335,0.762654810529745,4,22,0,syn_146,adverse_case,2026-03-12T21:20:16Z,synthetic,rule_based,0.2869429480901078,0
64,684508.8564220961,0.0,0.0,-1.0,10.0,0.6055515248062658,-1.0,-2038.228447418106,0.04309110776251194,0,55,0,syn_147,adverse_case,2026-03-12T21:20:16Z,synthetic,rule_based,0.21583848555337906,1
61,0.0,0.046256404548672914,0.0,-0.2374384811513571,0.0,0.9955614842674251,-1.0,15962.29805296069,0.5184562876104734,0,35,0,syn_148,adverse_case,2026-03-12T21:20:16Z,synthetic,rule_based,0.2869429480901078,1
56,796172.7655772085,46159.784212523686,0.05797709518368016,-0.01904325829814372,0.0,0.6509416471040484,-0.3229493668742419,705.1697731628115,7.456869823934333,0,26,0,syn_149,adverse_case,2026-03-12T21:20:16Z,synthetic,rule_based,0.22955435847208625,1
