Directors Score,Total Revenue,Total Debt,Debt-to-Income Ratio,Operating Margin,Debt Service Coverage Ratio,Cash Flow Volatility,Revenue Growth Rate,Average Month-End Balance,Average Negative Balance Days per Month,Number of Bounced Payments,Company Age (Months),Sector_Risk,company_name,application_file,Outcome,is_labelled,is_rejected_or_unfunded,prob_repaid,predicted_pd,_train_set
50.0,35121.0,0,0.0,-0.116,50.0,0.9461369304432352,-0.0930347128755944,4214.189166666666,0.0,0,101.0,0,A&A Building Construction Ltd,A&A Building Construction Ltd.json,0,True,False,0.04294533549173381,0.9570546645082662,1
54.21,66578.0,0,0.0,0.04,19.98,0.7543694053482198,1.4842767040350056,1259.6355555555565,0.0,8,42.0,0,Accounted Ltd,Accounted Ltd.json,0,True,False,0.1827020918242441,0.8172979081757559,0
81.22,395692.0,0,0.0,-0.113,6.88,0.5861114099855486,-0.3687964611388178,629.5307692307712,10.461538461538462,0,146.0,0,Advanced Automotive Performance Ltd,Advanced Automotive Performance Ltd.json,0,True,False,0.3425627591329988,0.6574372408670013,1
73.67,71438.0,0,0.0,0.003,50.0,0.3883255857104457,0.0868144277708428,531.2161538461538,0.7692307692307693,1,37.0,0,Aesthetic Precision,Aesthetic Precision.json,0,True,False,0.4765585958907139,0.5234414041092861,1
69.09,71177.0,0,0.0,-0.083,50.0,0.3891381645437664,0.1450201616908011,3015.93,0.0,0,59.0,0,Akar Food Ltd,Akar Food Ltd.json,1,True,False,0.5267720963745126,0.4732279036254874,1
77.8,496670.0,0,0.0,-0.07,50.0,0.5033612292895215,0.0179143712024374,3423.546923076903,1.5384615384615383,0,33.0,0,Alex Sounthhampton,Alex Sounthhampton.json,0,True,False,0.32355710655416425,0.6764428934458357,1
69.22,56.0,0,0.0,1.0,4.66,1.0,-1.0,0.3799999999999969,0.0,0,47.0,0,All In The Wrap Limited,All in the wrap Limited.json,0,True,False,0.01983924792706374,0.9801607520729363,1
92.75,24086.0,0,0.0,-1.0,26.66,0.7780683016478762,-0.3534190838880273,18119.894545454536,5.090909090909091,0,29.0,0,Anthony Healthcare Ltd,Anthony Healthcare Ltd.json,0,True,False,0.1341199320755309,0.8658800679244691,1
65.33,42162.0,0,0.0,0.041,6.42,0.6535330274554033,3.107638621032511,176.9000000000001,0.0,0,26.0,0,Apollo Supermarket,Apollo Supermarket.json,0,True,False,0.20350748803411475,0.7964925119658852,1
76.9,595829.0,0,0.0,0.075,11.08,0.4155444070998378,0.2324192367906769,7518.159999999996,0.0,4,21.0,0,Ashby Street Motors Ltd,Ashby Street Motors Ltd.json,0,True,False,0.6495244912742474,0.3504755087257526,1
50.0,324114.0,0,0.0,0.029,6.55,0.4082881002821821,0.0371962938354154,-635.1107692307776,16.46153846153846,10,176.0,0,Aurina Ltd,Aurina Ltd.json,0,True,False,0.8451251857885691,0.1548748142114309,1
86.11,91857.0,0,0.0,-0.028,24.84,0.4179568381090995,-0.1842563337157512,-409.3946153846167,21.923076923076923,0,15.0,0,Auto Repairs Basingstoke Ltd,Auto Repairs Basingstoke Ltd.json,0,True,False,0.49403336116711205,0.505966638832888,1
90.93,90459.0,0,0.0,0.112,8.09,0.2027049657708377,0.0835279159950291,460.1553846153856,5.307692307692308,0,74.0,0,Ayaz Tyres & Wheels Ltd,Ayaz Tyres & Wheels ltd.json,1,True,False,0.7922662729246017,0.20773372707539828,1
87.4,615695.0,0,0.0,0.201,4.14,0.3730433068666655,-0.2630948901474807,-159.11230769229584,14.692307692307692,1,123.0,0,Baby Ultrasound Clinic Limited,Baby ultrasound clinic limited.json,0,True,False,0.6677400339656077,0.33225996603439234,1
88.35,416017.0,0,0.0,-0.011,21.99,0.5504035236142627,-0.2026805792061763,2262.665555555557,8.555555555555555,10,17.0,0,Baig Halal Butcher Ltd,Baig halal butcher ltd.json,0,True,False,0.37195203379434666,0.6280479662056533,1
71.16,143221.0,0,0.0,0.021,18.57,0.4081429955240192,0.5301700558858184,749.6953846153831,6.307692307692308,0,32.0,0,Beddoes Removals And Stotage,Beddoes removals and stotage.json,1,True,False,0.5633270619341005,0.43667293806589946,1
83.24,158663.0,0,0.0,-0.129,3.35,0.4323985391206356,-0.3398899038650643,3945.109230769228,1.1538461538461535,12,62.0,0,Bedew Skin Ltd,Bedew Skin Ltd.json,0,True,False,0.6632883419843164,0.3367116580156836,1
86.74,85090.0,0,0.0,-0.156,50.0,0.5541851282625384,0.532177271753543,865.2038461538475,4.923076923076923,1,24.0,0,Beforethefall,Beforethefall.json,0,True,False,0.1963157414030836,0.8036842585969164,0
72.11,139303.0,0,0.0,-0.001,50.0,0.3925101613270834,-0.2270149346552343,839.9730769230769,0.4615384615384615,0,30.0,0,Besachkarma Limited,Besachkarma Limited.json,0,True,False,0.4737979546278087,0.5262020453721913,1
79.57,84152.0,0,0.0,-0.013,50.0,0.7251899463511297,-0.7774601637868616,2430.768461538473,0.0,0,108.0,0,Beyond Social Media (Uk) Ltd,Beyond Social Media (UK) Ltd.json,0,True,False,0.08877810153359181,0.9112218984664082,1
50.0,122517.0,0,0.0,-0.042,50.0,0.1944281781830232,-0.0516981372283775,1453.9999999999968,0.0,25,12.0,0,Blackfen Food Ltd,BLACKFEN FOOD LTD.json,1,True,False,0.9413942700071619,0.058605729992838085,0
85.38,13440.0,0,0.0,-1.0,1.13,0.5669177343327809,-0.1137105056498478,35489.76076923077,0.0,0,22.0,0,Blisshealth Concepts Limited,Blisshealth Concepts Limited.json,0,True,False,0.6549504311848275,0.34504956881517246,1
79.62,55289.0,0,0.0,0.056,50.0,1.0445596362897058,12.965956889995068,465.14333333333343,17.833333333333332,0,29.0,0,Blossom Salon Ltd,BLOSSOM SALON LTD.json,0,True,False,0.008198413711950478,0.9918015862880495,1
79.53,205965.0,0,0.0,0.017,10.63,0.3680965874460278,-0.1000442030725884,1758.8184615384662,0.7692307692307693,13,68.0,0,Boiler Solutions Cover Uk,Boiler Solutions Cover UK.json,0,True,False,0.7372566671061559,0.2627433328938441,1
50.0,164943.0,0,0.0,-0.039,13.3,0.9472090071595564,-0.4403032707148048,15071.66846153846,0.3846153846153846,0,116.0,0,Bottom Line Consultants Ltd,Bottom Line Consultants Ltd.json,0,True,False,0.10245916766491109,0.8975408323350889,0
79.23,155142.0,0,0.0,-0.087,46.67,0.5941896883300027,0.1333760770806272,3110.5492307692334,0.0,0,27.0,0,Bramble And Willow Ltd,Bramble and Willow Ltd.json,0,True,False,0.18460327180926844,0.8153967281907315,0
75.94,324953.0,0,0.0,-0.002,34.13,0.5225444484436037,1.3107439498784956,1030.891000000002,0.1,2,13.0,0,Brazilian Cleaning Essential Ltd,Brazilian cleaning essential ltd.json,0,True,False,0.30853455600930124,0.6914654439906988,1
83.89,70884.0,0,0.0,0.075,8.84,0.1260170140154957,-0.1351164952330495,843.6849999999995,2.5,0,262.0,0,Brookhouse Hypnotherapy Ltd,Brookhouse Hypnotherapy Ltd.json,1,True,False,0.908061726318446,0.09193827368155405,0
50.0,78668.0,0,0.0,-0.172,50.0,0.5814632112082738,1.5206577959730447,1893.4550000000004,0.0,0,22.0,0,Btwbtw Ltd,BTWBTW Ltd.json,0,True,False,0.292595257836369,0.7074047421636309,1
67.56,134713.0,0,0.0,-0.029,50.0,0.3792577124142455,-0.0023919760980312,545.2292307692321,2.230769230769231,0,33.0,0,Bulgarian Food Pirin Ltd,Bulgarian Food Pirin Ltd.json,0,True,False,0.52682577867419,0.47317422132581,1
81.55,114758.0,0,0.0,-0.542,18.14,0.4327952065015605,-0.334724930149012,47918.82461538445,0.0,0,123.0,0,Bunker Publishing,Bunker Publishing.json,0,True,False,0.8826547471502546,0.1173452528497454,1
92.54,44295.0,0,0.0,-0.218,6.63,0.597483526559767,-0.4452193291402156,1645.4970000000037,0.0,0,26.0,0,Cakes By Aleina Ltd,Cakes by Aleina Ltd.json,0,True,False,0.20259926968185388,0.7974007303181461,1
71.77,13833.0,0,0.0,0.362,14.21,0.4926050351076392,1.9021680874230624,1934.6775,0.0,0,49.0,0,Canny Fast Car Solutions Ltd,Canny fast car solutions Ltd.json,0,True,False,0.38544355544894837,0.6145564445510516,1
82.21,31391.0,0,0.0,-0.067,12.56,0.3644511040952781,-0.4132214860064658,2545.222,2.4,0,30.0,0,Cds Wholesale Limited,CDS Wholesale Limited.json,0,True,False,0.5985315299458029,0.40146847005419706,1
68.44,89072.0,0,0.0,-0.075,41.38,1.0018926191766646,7.676375773047301,783.0584615384639,5.846153846153846,0,34.0,0,Cellor Shades,Cellor Shades.json,0,True,False,0.01559958506652121,0.9844004149334787,1
88.44,66278.0,0,0.0,-0.198,23.92,0.3723144057736934,0.1955000868615071,856.5069230769229,0.6153846153846154,0,73.0,0,Cetin Barber Beauty Ltd,Cetin barber beauty ltd.json,0,True,False,0.5181019569702404,0.4818980430297596,1
72.27,247354.0,0,0.0,-1.0,3.78,0.7824426418004058,-0.6937211422909154,3903.9400000000014,2.1538461538461537,0,121.0,0,Champagne One Ltd,champagne one ltd.json,0,True,False,0.17108601653913855,0.8289139834608614,1
75.56,346957.0,0,0.0,0.396,1.79,0.3209323846108828,0.298645682839573,7678.15076923077,1.1538461538461535,3,22.0,0,Cheers&Chill Limited,CHEERS&CHILL LIMITED.json,0,True,False,0.7724904787724665,0.22750952122753354,1
72.16,213798.0,0,0.0,0.006,50.0,0.3673739672041101,-0.0878919749247893,8466.174999999997,0.0,0,15.0,0,Chilli Too Limited,chilli too limited.json,0,True,False,0.5894557528207169,0.41054424717928306,1
86.98,117255.0,0,0.0,-0.01,6.36,0.4789126780165219,0.1338190483305368,731.6253846153847,0.3846153846153846,0,38.0,0,Class Barber Sw Ltd,Class barber sw Ltd.json,1,True,False,0.37634798626208515,0.6236520137379149,0
76.93,359276.0,0,0.0,0.003,37.53,0.4227334716854433,0.3767318896386027,9280.431538461526,1.2307692307692308,0,41.0,0,Cleaner Than Ever Norbury Ltd,Cleaner Than Ever Norbury Ltd.json,0,True,False,0.5389535225535831,0.4610464774464169,1
73.86,226389.0,0,0.0,-0.148,50.0,0.8590162572101689,0.4637816969743363,1003.9057142857132,0.0,0,27.0,0,Coreerp Solutions,CoreERP Solutions.json,0,True,False,0.0372620881191112,0.9627379118808888,1
82.64,78456.0,0,0.0,0.051,21.25,0.4443006051699546,-0.0114842899684967,402.5475000000004,0.125,0,28.0,0,Creative Plus Media Ltd,Creative Plus Media Ltd.json,0,True,False,0.3989644195038227,0.6010355804961773,1
86.9,165051.0,0,0.0,-0.014,5.53,0.5558121990741333,1.2942154817906388,3427.5092307692294,1.4615384615384617,0,34.0,0,Cs Sport,CS Sport.json,0,True,False,0.2877557745554956,0.7122442254445044,0
62.15,58292.0,0,0.0,-0.009,50.0,1.563763333480816,-0.3314306489115304,31.66100000000132,16.6,0,15.0,0,Custom Car Paint Ltd,Custom Car Paint LTD.json,0,True,False,0.000499710910160808,0.9995002890898392,1
87.49,21661.0,0,0.0,0.359,50.0,0.4766178482818873,-0.3108004095666407,1210.864999999999,0.0,0,65.0,0,D&C Couriers Limited,D&C Couriers Limited.json,0,True,False,0.2540636746236845,0.7459363253763155,1
75.91,4171.0,0,0.0,-1.0,1.18,0.5256681212303049,-0.6890989120312798,164.93500000000026,1.0,0,32.0,0,Data4Est Ltd,Data4est Ltd.json,0,True,False,0.42995407101617844,0.5700459289838216,1
50.0,53649.0,0,0.0,-0.177,26.45,0.5380436419417725,-0.0083254025145,2176.7900000000013,0.0,0,13.0,0,Davaro Limited,Davaro limited.json,0,True,False,0.43105671911652294,0.5689432808834771,1
50.0,22177.0,0,0.0,0.013,50.0,0.3375281276530552,0.225920271204055,441.0315384615385,0.6923076923076923,9,78.0,0,Deli Ice Limited,Deli Ice Limited.json,0,True,False,0.7608234154491345,0.23917658455086555,1
58.22,103698.0,0,0.0,-0.04,16.58,0.49827894650892,-0.2189682614347965,-416.4100000000016,9.307692307692308,0,25.0,0,Deluxe Lounge,Deluxe Lounge.json,0,True,False,0.49304002912324,0.50695997087676,1
87.2,19033.0,0,0.0,-0.035,24.09,0.5878182000049471,-0.2421258000668328,632.7714285714288,9.0,0,12.0,0,Diva Hair Studio Ltd,Diva Hair Studio Ltd.json,0,True,False,0.2019684253803408,0.7980315746196592,1
71.75,104616.0,0,0.0,0.11,2.98,0.264978790156017,0.0199409658123515,2955.6807692307493,4.230769230769231,0,139.0,0,Dlc Lighting Ltd,DLC Lighting Ltd.json,0,True,False,0.8325168709753971,0.16748312902460294,1
89.9,15502.0,0,0.0,-0.338,21.37,0.7463855613488415,1.264574035185409,844.2933333333337,2.4444444444444446,0,13.0,0,Dottie Dances Ltd,Dottie dances ltd.json,0,True,False,0.07393709144845703,0.9260629085515429,1
92.65,47741.0,0,0.0,-0.819,1.61,0.4294793875800989,0.9437070184442684,27538.76,0.0,0,131.0,0,Drillskillz Consults Limited,Drillskillz Consults Limited.json,0,True,False,0.7656355216261419,0.2343644783738581,1
76.53,4579.0,0,0.0,-0.798,50.0,0.774927046147385,-0.8731931239984465,2151.845,2.0,0,28.0,0,Dts Materials Ltd,DTS Materials Ltd.json,0,True,False,0.07469998451480621,0.9253000154851938,0
70.94,90235.0,0,0.0,-0.062,50.0,0.4251294754856135,0.4680306629902261,921.4023076923075,4.307692307692308,0,102.0,0,Due Auto Motive Ltd,Due Auto Motive LTD.json,0,True,False,0.46701102659960847,0.5329889734003915,1
69.48,51032.0,0,0.0,0.12,13.15,1.0611832974438642,8.501958954489256,1103.627142857143,2.7142857142857144,0,13.0,0,Dybo Travel Limited,Dybo Travel Limited.json,0,True,False,0.012272388295399174,0.9877276117046008,0
72.86,29214.0,0,0.0,0.097,5.04,0.6202332499725323,-0.6346953906572713,1751.793750000001,1.25,0,30.0,0,Elar One Ltd,Elar One Ltd.json,0,True,False,0.2462305224083367,0.7537694775916632,1
60.96,85919.0,0,0.0,-0.032,50.0,0.6622939614274972,1.9943676405525024,-444.2307692307696,13.153846153846152,0,26.0,0,Ellevate Limited,Ellevate Limited.json,0,True,False,0.16845540154914213,0.8315445984508578,0
92.64,61465.0,0,0.0,-0.9,12.66,0.9344681019709972,0.7609477910971891,6066.451428571422,0.0,0,23.0,0,Elm Pub Group Ltd Ta As The Bull Inn,Elm Pub Group Ltd TA As The Bull Inn.json,0,True,False,0.03273678236559185,0.9672632176344081,1
85.23,2132.0,0,0.0,-1.0,8.0,0.979150773392494,-0.9894655693301384,327.6699999999999,1.0,0,181.0,0,Elpromotions Limited,Elpromotions Limited.json,0,True,False,0.03311131278457347,0.9668886872154265,0
88.02,207714.0,0,0.0,0.177,5.37,0.366115858102245,-0.1460532001566953,-91.91615384615608,18.46153846153846,0,86.0,0,Els Management Ltd,Els Management Ltd.json,0,True,False,0.637628695153687,0.36237130484631297,1
76.71,1156.0,0,0.0,-1.0,4.93,0.5,0.0,2401.7200000000007,0.0,0,59.0,0,Elsco Private Limited,Elsco Private Limited.json,1,True,False,0.4823966259613025,0.5176033740386975,1
90.31,296177.0,0,0.0,0.014,19.51,0.5184252150659817,0.2398748622654957,2374.742307692309,0.0,4,20.0,0,Emp Motors Ltd,EMP MOTORS LTD.json,0,True,False,0.31892771891627214,0.6810722810837279,1
50.0,26807.0,0,0.0,0.041,50.0,0.828109685279256,-0.2619433561417064,797.726363636364,0.0,0,37.0,0,Erfan Carpet,Erfan Carpet.json,0,True,False,0.06963900675615724,0.9303609932438428,0
81.87,93152.0,0,0.0,0.034,17.63,0.6959872041069576,-0.0268568340510673,989.4576923076944,5.846153846153846,0,29.0,0,Faith & Love Nursery Ltd,Faith & Love nursery Ltd.json,0,True,False,0.1278376928531381,0.8721623071468619,0
88.61,81300.0,0,0.0,0.047,21.72,0.8055819863060738,2.863390698667081,1225.8099999999974,0.6923076923076923,0,16.0,0,Farm To Fridge Ltd,Farm to Fridge Ltd.json,0,True,False,0.04579440515514443,0.9542055948448556,1
84.07,6955.0,0,0.0,-0.167,2.99,0.8062219351839411,-0.4524497260280244,178.0969230769231,3.769230769230769,0,30.0,0,Flight Training Essex Ltd,Flight Training Essex ltd.json,0,True,False,0.07151106351235109,0.928488936487649,1
76.78,52044.0,0,0.0,-0.148,50.0,1.5435423536660755,-0.8493093443829267,12033.428000000018,0.0,0,18.0,0,Foolgood Salons Ltd,Foolgood Salons Ltd.json,0,True,False,0.0005470227455475062,0.9994529772544525,1
87.68,64268.0,0,0.0,-0.053,13.8,0.3596591555615675,0.1023021793396299,2352.990000000006,0.3076923076923077,0,103.0,0,Forty3 Media,Forty3 Media.json,0,True,False,0.5900283672645859,0.40997163273541415,1
66.59,454931.0,0,0.0,-0.035,9.81,0.3735481817178682,0.2726617618690908,749.2692307692331,10.846153846153848,0,36.0,0,Four Paws Walking And Training Ltd,Four Paws Walking and Training Ltd.json,0,True,False,0.7077189803207309,0.2922810196792691,0
79.23,10157.0,0,0.0,0.253,10.0,0.8508139141117823,11.40607596273128,1335.745,2.5,0,93.0,0,Four The Willows Ltd,Four the Willows Ltd.json,0,True,False,0.041664401836439366,0.9583355981635606,1
84.69,6956.0,0,0.0,-1.0,9.13,0.7916852541463233,-0.8837325108460908,976.3650000000008,0.0,0,107.0,0,French Sole Ltd,French Sole Ltd.json,0,True,False,0.09779532170844228,0.9022046782915577,1
62.58,221934.0,0,0.0,0.0444987595734746,50.0,0.8503927545077263,2.5922618660670955,7091.809999999997,0.3846153846153846,0,25.0,0,Fs Fashionista Ltd,FS Fashionista Ltd.json,0,True,False,0.05745985313592547,0.9425401468640745,1
65.99,548010.0,0,0.0,0.002,10.83,0.5620648982977904,0.7728613879371982,21058.059999999998,3.769230769230769,0,34.0,0,Ft Fitness Ltd,FT Fitness LTD.json,0,True,False,0.5832455776892478,0.4167544223107522,1
77.97,82097.0,0,0.0,0.208,4.73,2.3842396160717767,-0.87354691136914,3701.931538461523,0.0,2,23.0,0,Furfamilyfair Ltd,Furfamilyfair Ltd.json,0,True,False,2.245161608029127e-06,0.9999977548383919,1
91.7,75177.0,0,0.0,-0.719,1.76,0.1336631784220214,0.0685221391988116,139.91750000000002,15.333333333333334,0,85.0,0,Fusionprint Uk Ltd,FusionPrint UK Ltd.json,0,True,False,0.9044436662851508,0.09555633371484917,1
90.5,114705.0,0,0.0,-0.313,28.69,0.4763755531728411,0.2912386150578018,740.9841666666653,13.5,1,40.0,0,Future Analytics Ltd,Future Analytics Ltd.json,0,True,False,0.3780870111878638,0.6219129888121362,1
81.34,153997.0,0,0.0,0.097,10.68,0.7765808507621081,1.044217287837787,1013.7938461538424,7.538461538461538,0,49.0,0,Fylde Conservation Ltd,Fylde Conservation Ltd.json,0,True,False,0.08815519200464311,0.9118448079953569,0
87.39,18169.0,0,0.0,-0.405,16.78,0.8261639812164872,0.2965024756471665,-118.601818181818,14.909090909090908,13,24.0,0,Gas Records,Gas Records.json,0,True,False,0.10170169101522426,0.8982983089847757,1
75.24,434810.0,0,0.0,0.023,10.69,0.5236302211155728,1.2771022078338767,403.0030769230759,8.307692307692308,0,73.0,0,Gc Bike Repairs Ltd,GC Bike Repairs Ltd.json,0,True,False,0.40749100083500767,0.5925089991649923,1
88.96,402811.0,0,0.0,-0.107,33.89,0.2458135068908577,0.2715865471870269,3198.4111111111106,0.1111111111111111,17,12.0,0,Gc Couture Ltd,GC COUTURE LTD.json,1,True,False,0.8287186050264146,0.1712813949735854,1
48.69,45786.0,0,0.0,-0.232,50.0,0.5437059465530054,1.0218891227832392,-463.3192307692312,22.692307692307693,0,30.0,0,Gem Drycleaning & Tailoring Services Ltd,Gem drycleaning & tailoring services ltd.json,0,True,False,0.4267008117057635,0.5732991882942364,0
87.98,122472.0,0,0.0,-0.168,24.69,0.9039129568558468,0.7037731109473074,379.4800000000005,0.0909090909090909,0,31.0,0,Get Outside Events Limited,Get Outside Events Limited.json,0,True,False,0.026193136787630033,0.97380686321237,1
83.49,199123.0,0,0.0,0.027,6.76,0.6742345716198249,-0.1638884168106822,-4459.850769230782,21.07692307692308,0,151.0,0,Go Commercial Finance Ltd,Go Commercial Finance Ltd.json,0,True,False,0.1940785217813533,0.8059214782186467,1
81.57,1339581.0,0,0.0,-0.012,7.25,0.2670369978041998,0.3570524013181415,64959.87615384623,0.0769230769230769,0,88.0,0,Golden Triangle Financial Services Ltd,Golden Triangle Financial Services Ltd.json,1,True,False,0.9836994802682022,0.016300519731797802,1
92.62,39560.0,0,0.0,0.5,2.26,0.5,0.0,9031.910000000002,4.0,0,294.0,0,Gozone Care Ltd,Gozone Care Ltd.json,1,True,False,0.4847410029708492,0.5152589970291508,1
68.32,160107.0,0,0.0,-0.181,14.59,0.3757984494255806,-0.0370538911373653,-850.59384615385,15.307692307692308,1,34.0,0,Grazka Limited,GRAZKA LIMITED.json,0,True,False,0.6862960919646206,0.3137039080353794,1
54.48,23263.0,0,0.0,0.012,50.0,0.5806349128569487,0.0549231574624249,648.0616666666666,0.0,0,19.0,0,Green Future Search Lab,Green Future Search Lab.json,0,True,False,0.25747642208765575,0.7425235779123442,1
74.69,82692.0,0,0.0,-0.166,39.1,0.5005809413684635,1.274828351068991,-174.03428571428532,25.714285714285715,2,15.0,0,Greenlight Digital,greenlight digital.json,0,True,False,0.4145016980470362,0.5854983019529638,1
72.47,73999.0,0,0.0,0.0,10.0,0.3805247345180456,-0.0202950351270512,100.03999999999998,0.0,0,32.0,0,Greensec Limited,GreenSec Limited.json,0,True,False,0.595196943326114,0.40480305667388605,1
85.02,73999.0,0,0.0,0.0,10.0,0.3805247345180456,-0.0202950351270512,100.03999999999998,0.0,0,83.0,0,Gwynne And Hhyde Plumbing And Heating Ltd,Gwynne and HHyde Plumbing and Heating Ltd.json,0,True,False,0.5471582618940068,0.45284173810599315,1
78.08,42247.0,0,0.0,-0.08,46.38,0.5138515780163514,-0.3764333916501666,208.07222222222177,7.444444444444445,0,58.0,0,Habitat Music Studios Ltd,Habitat music studios ltd.json,0,True,False,0.2925078558848927,0.7074921441151073,1
84.45,167414.0,0,0.0,0.068,2.82,0.3094863731051536,-0.0615349023725785,4226.769999999998,1.4615384615384617,0,94.0,0,Hair And Beauty Palace Ventures Limited,Hair and Beauty Palace Ventures Limited.json,1,True,False,0.7286847315841966,0.27131526841580345,0
50.0,183496.0,0,0.0,0.232,3.23,0.366203260626266,0.0118168870920436,160.36076923076487,9.615384615384617,1,213.0,0,Hans Lec Design,Hans Lec Design.json,0,True,False,0.8215041951926604,0.17849580480733962,1
81.95,49089.0,0,0.0,-0.031,50.0,0.3019151739050096,0.2525729542723232,82.3700000000022,1.6923076923076923,0,24.0,0,Hardman Fitness Ltd,Hardman Fitness LTD.json,1,True,False,0.5587595639050175,0.44124043609498254,1
50.0,57975.0,0,0.0,0.012,50.0,0.6931137701046002,1.08925644506813,1019.264,7.2,13,51.0,0,Harley Street Hair Transplants,Harley Street Hair Transplants.json,0,True,False,0.2690842192199877,0.7309157807800123,1
54.98,17594.0,0,0.0,0.018,50.0,1.5658638094185873,7.813940375167484,124.3337500000002,1.0,0,28.0,0,Hashmis And Bukharis Ltd,Hashmis and Bukharis Ltd.json,0,True,False,0.00036409202384578786,0.9996359079761542,1
78.95,272689.0,0,0.0,-0.057,50.0,0.3055493057154783,0.1672474783537125,4599.519230769232,0.1538461538461538,9,25.0,0,Haus Of Sass Limited By Stephanie Limited,Haus of sass limited by Stephanie limited.json,1,True,False,0.7102169722305333,0.28978302776946674,1
68.87,34027.0,0,0.0,0.091,15.65,0.4663350059394464,-0.6360552043708136,4751.150000000001,0.5,0,9.0,0,Havelock Group Ltd Ta New Longcar,Havelock Group Ltd TA New Longcar.json,0,True,False,0.49060358971922313,0.5093964102807769,1
83.82,617302.0,0,0.0,-0.05,1.62,0.454048620692977,0.0167905388116375,18886.760000000017,3.615384615384616,177,91.0,0,Heart Of The Home Interiors,Heart of the home interiors.json,0,True,False,0.9997650539115996,0.00023494608840035625,0
82.21,10062.0,0,0.0,-0.017,28.75,0.9716911959241368,-0.9856423743563988,445.98999999999967,2.0,0,40.0,0,Hemming Logistics Ltd,Hemming Logistics Ltd.json,0,True,False,0.018485327447751488,0.9815146725522486,0
50.0,54797.0,0,0.0,0.079,10.0,0.2173070943592801,0.0393244330619413,1326.7599999999995,8.153846153846153,0,85.0,0,Herne Hill Dry Cleaners Limited,HERNE HILL DRY CLEANERS LIMITED.json,1,True,False,0.9027217652158352,0.09727823478416475,1
50.0,10062.0,0,0.0,-0.017,28.75,0.9716911959241368,-0.9856423743563988,445.98999999999967,2.0,0,33.0,0,Hewitt And Hyland Leisure Ltd,Hewitt and Hyland Leisure Ltd.json,0,True,False,0.036731204610241555,0.9632687953897584,1
86.92,56260.0,0,0.0,-0.072,12.73,0.4652683985520988,-0.3660205262684133,241.10769230769296,8.153846153846153,0,42.0,0,Hidden Pretty Gifts Ltd,Hidden Pretty Gifts Ltd.json,0,True,False,0.4102646019429349,0.5897353980570651,1
84.07,88654.0,0,0.0,-0.011,50.0,0.371521004455446,-0.0677293883284186,-306.17692307692346,16.615384615384617,0,44.0,0,House Of Mystery(1),House of Mystery(1).json,1,True,False,0.4980096098465322,0.5019903901534678,1
84.07,88654.0,0,0.0,-0.011,50.0,0.371521004455446,-0.0677293883284186,-306.17692307692346,16.615384615384617,0,44.0,0,House Of Mystery,House of Mystery.json,1,True,False,0.4980096098465322,0.5019903901534678,1
80.09,990224.0,0,0.0,0.008,31.0,0.2380755035877865,0.0353277131569039,-4384.9423076923085,23.692307692307693,0,22.0,0,Hsids,HSIDS.json,1,True,False,0.7967221265661696,0.2032778734338304,0
90.68,29733.0,0,0.0,-0.169,50.0,0.5371962950292548,-0.5878161551600931,-4049.2633333333342,12.0,0,32.0,0,Humbleegg Ltd,HumbleEgg Ltd.json,0,True,False,0.18504716568072324,0.8149528343192768,1
79.16,1367755.0,0,0.0,0.006,12.96,0.3779815233289689,0.2519523710935255,-19021.67692307684,21.615384615384617,0,77.0,0,Hursley Childcare Ltd,Hursley Childcare Ltd.json,0,True,False,0.5527078033762757,0.4472921966237243,0
77.2,53597.0,0,0.0,-0.088,50.0,1.5816390948522705,3.331520905295577,688.818181818182,0.0,2,32.0,0,Hussains Leicester Ltd(1),Hussains Leicester Ltd(1).json,0,True,False,0.00025781111239644717,0.9997421888876036,1
77.2,53597.0,0,0.0,-0.088,50.0,1.5816390948522705,3.331520905295577,688.818181818182,0.0,2,32.0,0,Hussains Leicester Ltd,Hussains Leicester Ltd.json,0,True,False,0.00025781111239644717,0.9997421888876036,1
82.01,312389.0,0,0.0,-0.102,2.28,0.6805734050114581,-0.45728148598188,-7730.010000000014,17.153846153846153,0,96.0,0,Ibbmedialtd,IBBmedialtd.json,0,True,False,0.1688412507440674,0.8311587492559326,1
88.79,110623.0,0,0.0,-0.07,11.45,0.5513805614073031,0.235485341284838,296.185555555555,0.0,0,11.0,0,Ings Pet Store & Grooming Ltd,INGS PET STORE & GROOMING LTD.json,0,True,False,0.2401782306971161,0.7598217693028839,1
82.98,2653.0,0,0.0,-0.562,1.45,0.4344689773393099,-0.6057558360657951,2058.75,0.0,0,45.0,0,Ivy Aesthetic Clinic Academy Ltd,Ivy Aesthetic Clinic Academy Ltd.json,1,True,False,0.5340584639218902,0.46594153607810984,1
68.04,11348.0,0,0.0,0.001,10.0,0.5197529463972455,1.0045951035781544,886.116,0.0,1,28.0,0,Jay Heath Ltd,Jay Heath Ltd.json,0,True,False,0.3936113321489553,0.6063886678510447,1
43.53,3643.0,0,0.0,0.058,50.0,0.5,0.0,74.68,4.0,0,28.0,0,Jb Bars Ltd,JB Bars Ltd.json,1,True,False,0.4422948909124699,0.5577051090875301,1
74.14,5478.0,0,0.0,0.511,5.07,0.701106146221323,-0.9942383293235064,-16.65000000000009,14.666666666666666,0,133.0,0,Jemark Ltd,Jemark Ltd.json,0,True,False,0.18410397393195155,0.8158960260680485,1
60.12,110383.0,0,0.0,0.074,31.47,0.4782281348148099,0.4076277664539051,3024.6124999999997,0.0,0,15.0,0,Joao Motorcyles Ltd,Joao motorcyles Ltd.json,0,True,False,0.45448896439356246,0.5455110356064375,0
60.74,82293.0,0,0.0,-0.063,50.0,0.4809193643840321,0.3002497664481254,1770.2746153846124,1.9230769230769231,0,22.0,0,Journeyman Barbers Ltd,JOURNEYMAN BARBERS LTD.json,0,True,False,0.3981916891927249,0.6018083108072751,1
81.34,307769.0,0,0.0,-0.196,50.0,0.350316675703348,0.0579589797630651,-252.73230769230577,14.23076923076923,35,41.0,0,Kahras Keighley Ltd,KAHRAS KEIGHLEY LTD.json,1,True,False,0.8520023005408353,0.14799769945916474,1
74.14,2394.0,0,0.0,-0.233,11.15,0.5,0.0,405.13,8.0,0,57.0,0,Kam Marketing Group Limited,Kam marketing Group Limited.json,1,True,False,0.4384727606364529,0.5615272393635471,1
47.46,5931.0,0,0.0,-0.001,10.0,0.9218796323747406,-0.9593521018125722,23.615000000000123,8.5,0,37.0,0,Ketco Direct Limited,Ketco Direct Limited.json,0,True,False,0.0716001479921022,0.9283998520078978,1
85.97,35308.0,0,0.0,0.11,50.0,0.561712555251178,2.5632153600616587,458.15000000000094,1.5,0,34.0,0,Kids Tech Company Ltd,Kids Tech Company Ltd.json,0,True,False,0.1570417611048705,0.8429582388951296,0
50.0,1183.0,0,0.0,0.489,2.04,0.5,0.0,130.17,0.0,0,24.0,0,Krafty Designs 4 You Limited,Krafty Designs 4 You Limited.json,1,True,False,0.5027118314544315,0.49728816854556845,0
77.16,11340.0,0,0.0,-0.211,5.74,0.5,0.0,4141.619999999998,2.0,0,59.0,0,Kurkland Ltd,Kurkland Ltd.json,1,True,False,0.45180168200541454,0.5481983179945855,1
67.28,102534.0,0,0.0,-0.086,15.39,0.9665809995633744,2.055189841981618,-2793.156923076917,24.692307692307693,0,82.0,0,Lime Service Group Ltd,Lime Service Group Ltd.json,0,True,False,0.03994636610369704,0.9600536338963029,0
67.03,29564.0,0,0.0,-0.021,41.45,1.3305281351195637,2.545820033152247,794.9124999999989,17.0,0,21.0,0,Ljr Group Services Limited,LJR Group Services Limited.json,0,True,False,0.0023122262203663373,0.9976877737796337,1
89.58,158803.0,0,0.0,-0.355,31.52,1.2808563400505404,1.724032154868897,20715.758461538466,10.461538461538462,0,15.0,0,London Kizomba Festival,London Kizomba Festival.json,0,True,False,0.005155320716875656,0.9948446792831244,1
86.11,76725.0,0,0.0,0.031,34.0,0.4904941100210786,0.4518590437701025,969.242,0.0,0,150.0,0,London Recruiting,London Recruiting.json,0,True,False,0.32340892345373357,0.6765910765462664,0
74.52,8808.0,0,0.0,0.133,10.0,0.5679016839189845,-0.2720384411446879,1144.4357142857148,0.0,0,20.0,0,London21 Ltd,London21 Ltd.json,0,True,False,0.2792323706462841,0.720767629353716,0
75.91,45388.0,0,0.0,0.001,50.0,0.4398102974283788,-0.2189289114144288,-718.3684615384644,17.692307692307693,0,79.0,0,Lopez Plant Hire Ltd,Lopez Plant Hire Ltd.json,0,True,False,0.43998483702686014,0.5600151629731398,1
86.68,9062.0,0,0.0,-1.0,19.72,0.3427922297934848,-0.5105662993688974,13136.885000000004,0.0,0,54.0,0,Lumi Skn Ltd,Lumi SKN Ltd.json,0,True,False,0.7393431590266879,0.2606568409733121,1
69.21,38583.0,0,0.0,0.031,13.06,1.482916845778154,-0.886234020851086,120.20249999999984,7.75,2,24.0,0,Madinska & Co Ltd,Madinska & Co Ltd.json,0,True,False,0.0010968609475103673,0.9989031390524896,1
93.29,1370.0,0,0.0,0.579,3.04,1.0,0.0,44.58499999999995,12.0,0,112.0,0,Maj Trade Ltd,Maj Trade Ltd.json,0,True,False,0.017495619764024428,0.9825043802359755,1
67.63,23097.0,0,0.0,-0.07,14.86,0.5,0.0,2683.209999999998,3.0,1,113.0,0,Manzil Property Management,Manzil Property Management.json,1,True,False,0.49056289210375653,0.5094371078962434,0
55.36,20730.0,0,0.0,0.0194090596193635,10.0,1.1558564404600673,0.7106631814053952,399.4481818181821,0.6363636363636364,0,13.0,0,Mar Carpio Ltd,Mar carpio ltd.json,0,True,False,0.010841332167839052,0.989158667832161,1
71.7,3245101.0,0,0.0,-0.681,8.57,0.2717852067015499,0.3776755790836906,-26953.99923076931,24.153846153846157,0,96.0,0,Marvel Heating & Renewable Energy Ltd,Marvel Heating & REnewable Energy Ltd.json,1,True,False,0.8325054732034869,0.1674945267965131,1
83.98,628.0,0,0.0,-1.0,3.49,0.5,0.0,231.6199999999999,4.0,0,119.0,0,Marvellous Glow Ltd,Marvellous Glow Ltd.json,1,True,False,0.4645038270791222,0.5354961729208778,1
50.0,13340.0,0,0.0,0.109,50.0,0.4376721853435836,-0.6088622841916999,738.7449999999995,2.0,0,30.0,0,Master Brewer Ltd,Master Brewer Ltd.json,0,True,False,0.5120536373295015,0.4879463626704985,1
69.93,112871.0,0,0.0,0.082,3.71,0.5717096781262239,0.0888440510978697,1128.66307692308,9.615384615384617,0,32.0,0,Mc Building & Interiors Ltd,Mc building & interiors ltd.json,0,True,False,0.35695452570789216,0.6430454742921079,1
79.48,1986.0,0,0.0,-0.129,1.51,0.5,0.0,696.92,0.0,0,40.0,0,Mecn Marketing Ltd,Mecn Marketing Ltd.json,1,True,False,0.39543782309115705,0.604562176908843,1
75.91,1863.0,0,0.0,0.154,23.29,0.4923144534231693,-0.4108309820697187,10.333333333333336,4.0,0,27.0,0,Meli'S Landscaping Ltd,Meli's Landscaping Ltd.json,0,True,False,0.35391015733290876,0.6460898426670912,1
69.78,41533.0,0,0.0,0.399,2.6,0.4988071183651452,0.2123725707960599,1815.28625,0.0,0,40.0,0,Mens Hair London,Mens Hair London.json,0,True,False,0.4249137550318694,0.5750862449681307,0
78.48,7899.0,0,0.0,-0.035,10.0,0.5,0.0,662.2600000000006,2.0,0,48.0,0,Mh Home Renovations Ltd,Mh Home Renovations Ltd.json,1,True,False,0.3815981600330292,0.6184018399669708,1
79.69,22315.0,0,0.0,0.156,3.65,0.6967238432351559,1.8656414132098031,-56.2192307692308,14.0,0,43.0,0,Mikaiel Limited,Mikaiel Limited.json,0,True,False,0.15433915492622177,0.8456608450737783,1
73.53,83783.0,0,0.0,0.0086670754894194,50.0,1.5154984383906966,17.727171841545953,-152.591666666667,18.75,0,25.0,0,Milton Fire Safety,Milton Fire Safety.json,0,True,False,0.0003489214382557099,0.9996510785617443,1
88.76,89422.0,0,0.0,-0.173,8.99,0.434022148596862,0.3524500749331802,6441.230769230757,1.3076923076923077,0,79.0,0,Momokakkoii Ltd,Momokakkoii Ltd.json,0,True,False,0.5184346553877313,0.48156534461226874,1
52.55,1318.0,0,0.0,0.134,5.2,0.182376517401459,0.4461136972774721,189.17999999999995,0.0,0,45.0,0,Moonlight Smc Ltd,Moonlight SMC Ltd.json,1,True,False,0.8983687811677922,0.10163121883220783,1
89.25,220524.0,0,0.0,-0.044,50.0,0.301788604240795,-0.2031351376349361,8190.127692307664,0.9230769230769232,0,106.0,0,Moviescape Ltd,Moviescape Ltd.json,1,True,False,0.6442615211562008,0.35573847884379917,1
86.46,170561.0,0,0.0,-0.048,6.39,0.442844315139866,-0.0728129017515034,2384.733076923071,2.6153846153846154,0,32.0,0,Moving Ewe Ltd,Moving Ewe Ltd.json,0,True,False,0.4687372887296393,0.5312627112703607,1
74.04,3702.0,0,0.0,0.121,6.83,0.5635210257258259,-0.7689773410159426,-145.30999999999992,6.666666666666667,0,29.0,0,Mr Eats Group Ltd,Mr Eats Group Ltd.json,0,True,False,0.3130639054201594,0.6869360945798406,0
81.34,1439.0,0,0.0,0.12,10.0,0.5,0.0,153.92,7.0,0,58.0,0,Msfmart Uk Ltd,MSFMart UK Ltd.json,1,True,False,0.374442235054231,0.625557764945769,1
74.97,42796.0,0,0.0,0.008,18.64,0.8421827336022077,0.5196328780477277,-1851.577999999993,13.0,3,10.0,0,Mundy Grooming Ltd,Mundy Grooming Ltd.json,0,True,False,0.06347167691141439,0.9365283230885856,1
59.47,131867.0,0,0.0,0.153,4.58,0.360411581251824,0.2236444047591284,308.2938461538452,3.3076923076923075,0,108.0,0,Muscle Makers Gym Limited,Muscle Makers Gym Limited.json,0,True,False,0.7369401106766919,0.26305988932330815,1
86.03,9897.0,0,0.0,0.076,15.2,0.8882254521072293,1.2189651241395036,863.3185714285713,0.0,0,16.0,0,Mym Suppliers Ltd,MYM SUPPLIERS LTD.json,0,True,False,0.030180035016686972,0.969819964983313,1
89.34,182643.0,0,0.0,-0.286,8.05,0.4074638430646299,-0.0891535855427215,22772.293076923124,2.4615384615384617,2,7.0,0,Nadia Miah Hair And Skin Ltd,Nadia miah hair and skin ltd.json,0,True,False,0.7269911784704227,0.2730088215295773,1
63.61,7934.0,0,0.0,-0.002,10.0,0.8243337365050815,-0.168629897421193,-17.873636363636372,24.545454545454547,0,112.0,0,Noble Executive Limited,Noble Executive Limited.json,0,True,False,0.12974725942406304,0.8702527405759369,1
87.16,55869.0,0,0.0,-0.282,50.0,0.3344237167939491,0.3477916698557391,7682.313076923069,0.3846153846153846,0,10.0,0,Noble Parking Ltd,Noble parking ltd.json,0,True,False,0.5588535530676222,0.4411464469323778,1
80.1,130485.0,0,0.0,0.005,50.0,0.5181529557525553,-0.1440864258236195,806.7969230769218,0.7692307692307693,0,24.0,0,Om Clinic Limited,OM Clinic Limited.json,0,True,False,0.24177374836662996,0.75822625163337,1
82.66,37706033.0,0,0.0,0.393,2.47,0.3452314865087972,-0.1183465234498111,50727.02230769218,3.769230769230769,0,216.0,0,Optimum Vehicles Limited,Optimum Vehicles Limited.json,0,True,False,0.99999862788602,1.372113979991596e-06,0
81.79,1496.0,0,0.0,0.033,10.0,0.3970588235294117,-0.5684210526315789,3.3950000000000067,0.0,0,25.0,0,Oxford Driveways And Roofing Limited,Oxford Driveways and Roofing Limited.json,0,True,False,0.50907185033842,0.49092814966158005,0
84.73,53006.0,0,0.0,0.037,50.0,0.2600835001386637,0.7030077047542652,1612.3149999999996,2.0,0,156.0,0,Pak Euro Cash And Carry,PAK euro cash and carry.json,0,True,False,0.6705069214242396,0.3294930785757604,1
79.65,209115.0,0,0.0,0.024,11.04,0.7246802569511861,0.0507707539725134,-2228.2838461538454,16.53846153846154,0,18.0,0,Pamzo Mart Limited,Pamzo Mart Limited.json,0,True,False,0.12678439437295963,0.8732156056270404,1
68.25,285154.0,0,0.0,0.04,8.11,0.3441350922703353,-0.2547976906191898,213.21923076923247,7.846153846153846,3,132.0,0,Party2Perfection Ltd,Party2perfection LTD.json,1,True,False,0.7729369188345426,0.22706308116545737,0
81.22,54894.0,0,0.0,-0.066,50.0,0.4499198145218359,0.6187258830230397,18.589999999999744,1.625,0,20.0,0,Patina House Limited,Patina House Limited.json,0,True,False,0.3196695290584513,0.6803304709415487,1
58.72,11553.0,0,0.0,-0.245,24.44,0.898496047198391,0.5044169472378651,176.76076923076937,3.3846153846153846,0,3.0,0,Peak Platform Websites Ltd,Peak Platform websites ltd.json,0,True,False,0.050632572175581404,0.9493674278244186,0
92.9,23710.0,0,0.0,3.500656267593072e-05,10.0,1.1479088809929523,183.66056982061204,143.42799999999988,0.0,0,22.0,0,Peekzoon Ltd,Peekzoon Ltd.json,0,True,False,3.961891899014553e-05,0.9999603810810098,1
93.05,11073.0,0,0.0,-0.175,8.38,0.5,0.0,56.09,2.0,0,105.0,0,Pemienterprize Ltd,Pemienterprize Ltd.json,1,True,False,0.33587538011114676,0.6641246198888533,1
72.97,230987.0,0,0.0,-0.045,8.11,0.8636872126167991,0.5568203954036588,3256.251250000001,1.125,4,14.0,0,Peter G Ltd,Peter G ltd.json,0,True,False,0.07356803868665268,0.9264319613133474,1
87.56,1867.0,0,0.0,-0.212,3.14,0.5242081978516603,2.203519251423443,102.58000000000006,4.5,0,103.0,0,Phoenix Group Services Ltd,Phoenix Group Services Ltd.json,0,True,False,0.3379711113781122,0.6620288886218878,1
60.28,53554.0,0,0.0,-0.17,12.65,0.4135969883434319,0.1076808413876885,902.1692307692308,9.153846153846152,0,55.0,0,Phone Expert Services Ltd,Phone Expert Services Ltd.json,0,True,False,0.6585975969827426,0.34140240301725744,1
60.28,54524.0,0,0.0,-0.146,7.53,0.3556076813985619,-0.0586203501696949,1008.6415384615392,7.461538461538462,0,55.0,0,Phone Expert Services,Phone Expert Services.json,1,True,False,0.747361060239816,0.25263893976018403,0
81.21,141407.0,0,0.0,0.118,4.73,0.3057664872920914,-0.0229386195052805,1374.5446153846167,12.384615384615383,13,34.0,0,Pj Photography Liverpool Limited,PJ PHOTOGRAPHY LIVERPOOL LIMITED.json,1,True,False,0.8256492642962944,0.17435073570370563,1
84.69,60.0,0,0.0,-1.0,1.01,0.1925322518616928,-0.3228965112870126,644.8700000000001,0.0,0,25.0,0,Platform 10 Ltd,Platform 10 Ltd.json,0,True,False,0.8524443511565062,0.14755564884349381,1
42.29,10942.0,0,0.0,0.0138032828836733,10.0,0.1202602909994882,0.2733997107760842,1645.3300000000002,2.0,0,30.0,0,Plh Services Ltd,PLH Services Ltd.json,1,True,False,0.9466936194210943,0.05330638057890569,1
63.66,129932.0,0,0.0,0.037,12.0,0.3594601229738712,0.5681312871490727,2845.2084615384406,10.307692307692308,7,37.0,0,Plumbsussex Ltd,PlumbSussex Ltd.json,1,True,False,0.7818101196525343,0.21818988034746567,1
54.36,4907.0,0,0.0,0.054,50.0,0.7411054022822181,-0.8513044658994072,100.37999999999997,5.5,0,33.0,0,Porkies Ltd,Porkies Ltd.json,0,True,False,0.11482608191918242,0.8851739180808176,1
93.1,48984.0,0,0.0,-0.011,10.0,0.3964545714131677,0.4668225196877568,-147.59000000000003,5.777777777777778,0,22.0,0,Post Production Sorted Ltd,Post Production Sorted Ltd.json,0,True,False,0.4673022511968489,0.5326977488031511,1
79.72,465630.0,0,0.0,0.005,18.06,0.4908334888291722,-0.2242994501271079,2422.0820000000044,7.7,9,54.0,0,Premium Halal Butcher Uk Ltd,Premium halal butcher UK ltd.json,0,True,False,0.5343881621058073,0.4656118378941927,1
65.12,37223.0,0,0.0,0.091,11.51,0.5,0.0,141.24999999999503,2.0,0,83.0,0,Prudent Healthcare Services Ltd,Prudent Healthcare Services Ltd.json,1,True,False,0.45183802552721997,0.54816197447278,0
95.61,22107.0,0,0.0,0.047,3.19,0.0983620433795458,0.218185232015363,5671.985000000001,0.0,0,67.0,0,Ps & Sons Ltd,ps & sons ltd.json,0,True,False,0.891757054163389,0.10824294583661098,1
50.0,107939.0,0,0.0,0.223,6.76,0.5,0.0,8101.6499999999905,8.0,0,81.0,0,Punchard Group Ltd,Punchard Group Ltd.json,1,True,False,0.6472329344014487,0.3527670655985513,1
62.05,129478.0,0,0.0,0.192,2.38,0.8273568860237535,0.2916331709652253,315.65153846153896,11.0,0,38.0,0,Quantome Commerce Ltd,Quantome Commerce LTd.json,0,True,False,0.10397823280523179,0.8960217671947682,1
62.05,136704.0,0,0.0,0.154,2.79,0.7511009485451293,1.082605758282294,995.677692307691,6.307692307692308,0,38.0,0,Quantome Commerce,Quantome Commerce.json,0,True,False,0.1543515445053121,0.8456484554946879,1
84.25,420959.0,0,0.0,0.016,11.41,0.7514875734076104,-0.0143658197176154,8813.342307692306,3.5384615384615383,1,29.0,0,Quest Makkah Tours Limited,Quest Makkah Tours Limited.json,0,True,False,0.13604686827551465,0.8639531317244853,1
69.94,39609.0,0,0.0,-0.016,50.0,0.2390173663898959,-0.3858176210819656,-2324.4749999999963,3.0,0,53.0,0,R W Waste Ltd,R W Waste Ltd.json,0,True,False,0.7124243581070999,0.2875756418929001,1
92.77,287908.0,0,0.0,0.006,13.67,0.5880178344301197,0.4498643604633995,-4438.505384615388,21.846153846153847,0,46.0,0,R&K Brickwork Ltd,R&K BRICKWORK LTD.json,0,True,False,0.21861273745246515,0.7813872625475349,1
88.15,22299.0,0,0.0,-0.759,50.0,0.4798019393834282,-0.4146683085222764,10255.857500000002,0.0,0,22.0,0,Ratz Vintage Clothing Ltd,Ratz Vintage Clothing Ltd.json,0,True,False,0.375357543082154,0.6246424569178459,0
49.83,43816.0,0,0.0,0.044,22.48,0.4419654675286715,0.3793038330868294,371.1453846153836,0.0,0,172.0,0,Rb Allsort Limited,Rb Allsort limited.json,0,True,False,0.6304620091099558,0.36953799089004424,1
72.27,92628.0,0,0.0,-0.018,50.0,0.6979445769317013,0.2849178196383973,981.2799999999996,0.3333333333333333,0,8.0,0,Rb Market Limited,Rb market limited.json,0,True,False,0.0976328024625392,0.9023671975374608,0
50.0,194658.0,0,0.0,0.162,2.15,0.4651040555773987,-0.3593358576145227,19459.945384615414,0.0,0,90.0,0,Recognised London Limited,Recognised London Limited.json,0,True,False,0.7859909319715694,0.21400906802843056,1
82.37,3301.0,0,0.0,-0.301,10.0,0.437772387918293,-0.6089592366593302,774.4000000000001,0.0,1,42.0,0,Retail 24 Ltd,Retail 24 Ltd.json,0,True,False,0.4853130010468377,0.5146869989531623,1
50.0,33391.0,0,0.0,0.368,4.98,0.0584090467092042,-0.1103714048756653,6151.460000000004,0.5,0,139.0,0,Richer Education,Richer Education.json,1,True,False,0.9690355447633348,0.030964455236665245,1
69.22,114669.0,0,0.0,0.002,50.0,0.5384233833019834,1.2648405703278802,3476.267692307696,0.0,0,19.0,0,Rizpicks Travels Ltd,rizpicks travels ltd.json,0,True,False,0.27108203081279875,0.7289179691872012,1
84.07,84626.0,0,0.0,-0.04,5.06,0.3303577115705681,0.0445789638150606,2073.1200000000013,0.0,0,27.0,0,Rj Elite Property Management,RJ elite property management.json,0,True,False,0.6479160319340261,0.35208396806597386,1
71.78,115204.0,0,0.0,-0.914,10.08,0.9158704490528966,1.6964900359374202,2648.1161538461524,0.0769230769230769,0,32.0,0,Rlk Technologies Limited,RLK Technologies Limited.json,0,True,False,0.05233384909030586,0.9476661509096942,1
88.14,97569.0,0,0.0,0.344,1.57,0.5927601278988548,0.6534664253934361,1015.0236363636354,4.363636363636363,0,25.0,0,Rockaway Toys Ltd,Rockaway Toys Ltd.json,0,True,False,0.2140414422300568,0.7859585577699432,0
48.06,20.0,0,0.0,0.0,10.0,0.9400898652021966,31.383333333333333,0.1500000000000012,0.0,0,41.0,0,Rosethorn Studio Ltd,Rosethorn Studio Ltd.json,0,True,False,0.024398407613473366,0.9756015923865267,1
81.31,16576.0,0,0.0,0.077,50.0,0.5577227159500256,-0.7160744466769634,1158.59,4.5,2,28.0,0,Rothwell Local Store Ltd,rothwell local store ltd.json,0,True,False,0.21302873248050525,0.7869712675194948,1
62.81,694433.0,0,0.0,-0.064,21.44,0.3449638105559922,0.3364052075254265,-1056.483846153847,16.846153846153847,0,28.0,0,Rowley Dunleavy Services Limited,rowley dunleavy services limited.json,0,True,False,0.7514775424287715,0.24852245757122848,0
94.94,208928.0,0,0.0,0.023,5.46,0.4606876220440586,0.1827703696576081,-2209.646153846157,20.07692307692308,0,50.0,0,Saffron Private Limited,Saffron Private Limited.json,0,True,False,0.4218546385821455,0.5781453614178544,1
70.09,347928.0,0,0.0,0.136,7.29,0.5474751167518119,0.2507090086801228,1608.5022222222224,0.0,0,91.0,0,Sag Hussain Retail Ltd,Sag Hussain Retail Ltd.json,0,True,False,0.3861794213235201,0.6138205786764799,1
71.13,3976.0,0,0.0,0.1,10.0,0.5,0.0,448.77,3.0,0,40.0,0,Scrandiggity Ltd,Scrandiggity LTD.json,1,True,False,0.4104962687696548,0.5895037312303453,1
51.93,79230.0,0,0.0,0.001,10.0,0.3308155844323679,0.4823366598951337,490.6515384615385,0.6153846153846154,3,57.0,0,Scs Facilities Services Ltd,SCS Facilities Services Ltd.json,1,True,False,0.7957964508843484,0.20420354911565164,1
89.37,89601.0,0,0.0,-0.088,50.0,0.9083170082315112,-0.9519560998654756,7252.664999999999,0.0,0,40.0,0,Sercasa Ltd,Sercasa Ltd.json,0,True,False,0.024888345674864833,0.9751116543251351,1
63.01,119507.0,0,0.0,-0.152,32.6,0.3345969864805419,0.177618522414225,-2750.710769230772,21.23076923076923,0,19.0,0,Sf Elections Hub Limited,SF elections Hub limited.json,1,True,False,0.7089592111427094,0.29104078885729057,1
90.26,83158.0,0,0.0,0.154,4.95,0.8488849465941981,-0.4185285446870692,6259.554999999981,0.0,0,86.0,0,Shakespeares Shepherd Huts Ltd,Shakespeares Shepherd Huts Ltd.json,0,True,False,0.05749804325322727,0.9425019567467727,1
81.59,114464.0,0,0.0,-0.408,3.9,0.3087000464912515,-0.2479644704697017,-1341.2830769230786,21.846153846153847,0,61.0,0,Shivay Traders Ltd,shivay traders ltd.json,0,True,False,0.7699469721900696,0.23005302780993042,1
80.21,25178.0,0,0.0,0.007,50.0,0.7244382561022195,0.630703401080953,717.3185714285715,0.0,0,30.0,0,Shreeji Mobile Repair Limited,SHREEJI MOBILE REPAIR LIMITED.json,0,True,False,0.06948022652230944,0.9305197734776905,1
77.97,504712.0,0,0.0,-0.084,15.09,0.3033607858938174,-0.0287826986321032,200.9223076923042,11.615384615384617,0,53.0,0,Silk Route Import & Export Ltd,silk route import & export ltd.json,1,True,False,0.7492228536652771,0.2507771463347229,1
55.62,20381.0,0,0.0,-1.0,4.31,0.7918143806269642,1.3894304348737614,1427.2128571428573,0.0,0,96.0,0,Simpli Print Group Ltd,Simpli Print Group Ltd.json,0,True,False,0.17162688918374466,0.8283731108162553,1
79.23,5807.0,0,0.0,-1.0,50.0,0.2220163249617786,0.3411713633541674,526.7128571428567,0.0,0,13.0,0,Sld Personnel Ltd,SLD Personnel Ltd.json,0,True,False,0.7412554495634442,0.25874455043655575,1
68.68,191141.0,0,0.0,0.035,19.72,0.2138371235616593,0.0575115259104657,-694.3823076923106,24.153846153846157,0,36.0,0,Smart Alloys South West Limited,Smart Alloys South West Limited.json,1,True,False,0.8659869122008821,0.1340130877991179,1
75.63,136275.0,0,0.0,0.245,2.41,0.6009166725450893,-0.2758633593054873,8693.267692307696,5.384615384615385,3,82.0,0,Smiths Trades Limited,Smiths Trades Limited.json,0,True,False,0.38413866446118733,0.6158613355388127,0
75.63,5168.0,0,0.0,-0.055,10.0,0.7912638460394086,-0.7953510457386426,224.7450000000004,2.25,0,82.0,0,Smithstrade Ltd,Smithstrade Ltd.json,0,True,False,0.08965718750407879,0.9103428124959212,1
89.99,246004.0,0,0.0,-0.235,13.79,0.7915072379716835,2.227375776908912,4129.48625,0.0,0,26.0,0,Sn Star Services Ltd,SN Star Services Ltd.json,0,True,False,0.0682096853486368,0.9317903146513632,1
64.46,97365.0,0,0.0,0.056,13.86,0.6724132926261128,0.6392298109283999,1627.3100000000045,7.538461538461538,0,25.0,0,Solaire Tanning Co Limited,Solaire tanning co limited.json,0,True,False,0.2135167158785072,0.7864832841214928,1
85.16,19836.0,0,0.0,-0.046,50.0,0.6575077059722697,-0.226413171845793,252.99692307692283,0.0,0,31.0,0,Solical Stadiums Ltd,SOLICAL STADIUMS LTD.json,0,True,False,0.09661268932805112,0.9033873106719489,1
84.86,118630.0,0,0.0,0.354,2.02,0.3617046057247267,0.3437699026876729,1241.3561538461477,1.1538461538461535,0,73.0,0,Something A Bit Different Ltd,Something a bit different Ltd.json,0,True,False,0.5921725339219166,0.4078274660780834,0
72.1,56670.0,0,0.0,-0.23,50.0,0.8392059703875621,-0.91257421289332,14444.220000000005,0.0,0,30.0,0,South Coast,South Coast.json,0,True,False,0.07517779051366105,0.924822209486339,0
71.47,26274.0,0,0.0,-0.227,27.24,0.714550587910538,-0.9082941435279898,813.6300000000007,0.0,0,50.0,0,Spencers Group Ltd,Spencers Group Ltd.json,0,True,False,0.12759247000177137,0.8724075299982286,1
82.69,193435.0,0,0.0,0.168,5.98,0.502318911563945,0.4317285302298242,1136.4346153846147,11.153846153846152,0,35.0,0,Standout Aesthetics Limited,Standout Aesthetics Limited.json,0,True,False,0.39881852623110464,0.6011814737688954,1
80.61,53954.0,0,0.0,0.15,7.5,0.1808036442968744,-0.1650293593700197,2559.9099999999985,0.0,0,108.0,0,Star Marketing Solutions Ltd,Star Marketing Solutions Ltd.json,1,True,False,0.8538456465206214,0.14615435347937855,1
88.59,37371.0,0,0.0,0.628,1.12,0.856162034144126,7.167601088646967,92.32500000000036,4.75,0,268.0,0,Stevnson Property Services Ltd,Stevnson Property Services Ltd.json,0,True,False,0.04814125562548298,0.951858744374517,1
72.48,444266.0,0,0.0,0.233,4.52,0.2823170206486425,0.3308925930261502,1930.910769230772,2.230769230769231,13,46.0,0,Stockport Jungle Ltd,Stockport Jungle Ltd.json,1,True,False,0.8622161322020213,0.1377838677979787,1
67.57,526108.0,0,0.0,-0.03,50.0,0.5479180108720667,1.0006173262115252,14952.522857142869,5.0,0,12.0,0,Stormhold Hospitality Ltd,Stormhold hospitality Ltd.json,0,True,False,0.4154435119441682,0.5845564880558318,0
72.84,81242.0,0,0.0,-0.077,13.87,0.8932197871363087,0.751744029627289,216.37384615384684,0.6923076923076923,7,51.0,0,Suede Hosting Ltd,Suede Hosting Ltd.json,0,True,False,0.05831394947104672,0.9416860505289533,1
86.11,35916.0,0,0.0,0.082,12.16,1.3207092274708478,-0.6502809965675577,502.9184615384639,2.076923076923077,0,56.0,0,T & L Hurley Ltd,T & L Hurley Ltd.json,0,True,False,0.0019957688199985875,0.9980042311800014,1
67.2,3059.0,0,0.0,-0.016,50.0,0.7556101369047734,-0.3251377446154376,447.066,0.0,0,35.0,0,T44J Ltd,T44J Ltd.json,0,True,False,0.07632396067737283,0.9236760393226272,1
54.32,326725.0,0,0.0,-0.036,23.88,0.2956803282734198,-0.0219693594200617,10600.364615384611,0.5384615384615384,2,25.0,0,Taste Of Bengal Broadway Ltd,TASTE OF BENGAL BROADWAY LTD.json,1,True,False,0.8573127085697733,0.14268729143022674,1
80.77,34748.0,0,0.0,-0.064,7.88,0.3689434059415264,-0.1760195518737379,149.7930769230775,8.307692307692308,0,34.0,0,The Body Fix Coach Limited (2),The Body Fix Coach Limited (2).json,0,True,False,0.6116407938308004,0.3883592061691996,1
80.77,34748.0,0,0.0,-0.064,7.88,0.3689434059415264,-0.1760195518737379,149.7930769230775,8.307692307692308,0,34.0,0,The Body Fix Coach Limited,The Body Fix Coach Limited.json,0,True,False,0.6116407938308004,0.3883592061691996,1
50.0,91888.0,0,0.0,-0.373,39.57,0.617711144584559,-0.1598608411872953,2420.1875000000023,0.0,0,26.0,0,The Boot Country Pub Ltd,The Boot Country Pub Ltd.json,0,True,False,0.29460168682125687,0.7053983131787431,0
86.19,476351.0,0,0.0,-0.266,19.13,0.5622021140660916,0.1564149695071442,7576.773846153863,1.3076923076923077,5,17.0,0,The Ceo Lounge Ltd,The CEO Lounge Ltd.json,0,True,False,0.36431994711844545,0.6356800528815545,1
50.0,81421.0,0,0.0,-0.169,48.53,0.5379213245559447,1.1369920434247458,1613.7416666666657,0.0,0,30.0,0,The Comfy Clothing Wardrobe Ltd,The Comfy Clothing Wardrobe Ltd.json,0,True,False,0.36357842646812716,0.6364215735318728,1
79.23,126839.0,0,0.0,-0.007,31.52,0.3624414375897909,-0.0503029327111108,476.6592307692316,3.8461538461538463,0,65.0,0,The Coven Ltd,The Coven Ltd.json,0,True,False,0.5621585401779123,0.43784145982208766,0
73.05,37513.0,0,0.0,0.035,42.63,1.033125594316077,-0.8334741865839108,1976.894999999998,0.0,0,10.0,0,The Daisy Patch,The Daisy Patch.json,0,True,False,0.012414461440991717,0.9875855385590083,1
72.99,1342408.0,0,0.0,0.012,50.0,0.4516139226699845,0.0734597788589415,2456.962307692334,7.230769230769231,1,71.0,0,The Fuel Agency (Uk) Ltd,The Fuel Agency (UK) Ltd.json,0,True,False,0.522962262435152,0.477037737564848,1
88.07,655082.0,0,0.0,-0.115,25.21,0.2395703571601381,0.0900258112688691,1839.4815384615567,4.307692307692308,0,55.0,0,The Gangway Sheringham Limited,The Gangway Sheringham Limited.json,1,True,False,0.7648942663715848,0.23510573362841525,1
56.03,37747.0,0,0.0,-0.519,7.19,0.9463084759408832,2.1365436977414576,349.0838461538472,2.3846153846153846,0,45.0,0,The Gluten Free World Ltd,The Gluten Free World Ltd.json,0,True,False,0.052552945654425406,0.9474470543455746,1
82.57,20509.0,0,0.0,-0.014,50.0,0.3024577654789334,0.0253794506447726,11.282000000000028,10.1,0,34.0,0,The Nail Label Limited,The Nail Label Limited.json,0,True,False,0.589446329153587,0.41055367084641303,1
79.31,12066.0,0,0.0,0.005,50.0,0.034593811534917,-0.0668741899462821,799.5250000000001,0.0,0,14.0,0,The Spirits Corner Hull Ltd,The spirits corner hull Ltd.json,1,True,False,0.888248000352085,0.11175199964791505,1
91.7,59694.0,0,0.0,0.272,12.67,0.6961498017618803,0.995662547923216,8165.943999999998,0.0,0,37.0,0,Them Paint Guys Limited,Them Paint Guys Limited.json,0,True,False,0.12273128233815542,0.8772687176618446,0
48.66,74257.0,0,0.0,-0.247,7.4,1.3465089288136751,-0.5387333620538622,9337.980999999992,0.0,0,24.0,0,Thor Ltd,Thor Ltd.json,0,True,False,0.00591378120866282,0.9940862187913372,1
79.65,634635.0,0,0.0,-0.175,5.48,0.6973273544649295,2.0317456900585342,8393.360769230789,1.1538461538461535,0,37.0,0,Totes Luxe Uk Ltd,Totes Luxe UK LTD.json,0,True,False,0.20781413831816545,0.7921858616818346,1
63.27,53430.0,0,0.0,0.018,22.36,0.3487737462859274,0.0383388809585909,5.839999999999088,11.923076923076923,4,76.0,0,Tradedesk Team Ltd,TradeDesk Team Ltd.json,0,True,False,0.7457505893788884,0.2542494106211116,1
90.22,36695.0,0,0.0,0.088,11.37,0.3009127155407146,0.0046654840030266,3.2988888888889583,8.11111111111111,0,11.0,0,Trim Fadeys Limited,Trim fadeys limited.json,1,True,False,0.6387629766187821,0.3612370233812179,1
81.6,896619.0,0,0.0,0.111,4.97,0.3384642365274284,0.2589557149976885,2656.516153846161,1.7692307692307692,0,33.0,0,Ultimate 2020 Group Ta Trade Glaze,Ultimate 2020 Group TA Trade Glaze.json,1,True,False,0.7022341606468291,0.2977658393531709,1
78.78,71344.0,0,0.0,0.148,6.78,0.6677148969388219,1.576906782741403,56.935000000001416,1.3333333333333333,5,24.0,0,Vageman Fish Limited,Vageman Fish Limited.json,0,True,False,0.179811815101167,0.820188184898833,1
78.78,71344.0,0,0.0,0.148,6.78,0.6677148969388219,1.576906782741403,56.935000000001416,1.3333333333333333,5,24.0,0,Vagemanfish Ltd,Vagemanfish Ltd.json,0,True,False,0.179811815101167,0.820188184898833,0
50.0,626.0,0,0.0,-1.0,10.0,0.5,0.0,1113.9200000000003,0.0,0,24.0,0,Verve Gb,Verve GB.json,1,True,False,0.5874328565981431,0.41256714340185685,1
75.74,171189.0,0,0.0,-1.0,4.9,0.4977235724344032,-0.0090912116416545,6999.947692307678,1.0769230769230769,4,83.0,0,Vision Et Consilium Ltd,Vision ET Consilium Ltd.json,0,True,False,0.6062151391344649,0.3937848608655351,1
91.08,191176.0,0,0.0,-0.031,50.0,1.0599406045102624,1.587145914055839,4910.553076923077,5.0,0,36.0,0,Voltanic Ltd,Voltanic Ltd.json,0,True,False,0.008122467857217684,0.9918775321427823,1
83.1,125248.0,0,0.0,0.317,3.34,0.7940815109402645,0.2659030357345615,1628.6284615384598,12.076923076923077,10,133.0,0,We Design It Ltd,We Design it Ltd.json,0,True,False,0.14286294242198694,0.8571370575780131,1
67.35,38708.0,0,0.0,0.094,11.38,0.3160046285078831,0.1799312659320823,111.89692307692286,2.923076923076923,16,94.0,0,We Style Any Dog Limited,We Style Any Dog Limited.json,1,True,False,0.8464321343271033,0.1535678656728967,1
77.79,145977.0,0,0.0,-0.03,14.08,0.489851786321856,0.6374462789992812,2512.3766666666684,1.5,0,32.0,0,White Canvas Bridal Ltd Transactions,White Canvas Bridal Ltd Transactions.json,0,True,False,0.4050516852623312,0.5949483147376688,0
92.34,432609.0,0,0.0,0.05,13.67,1.0597169284892294,-0.8136740981277508,3510.5974999999976,0.25,0,42.0,0,White Oak Design Studio Ltd,White Oak Design Studio LTD.json,0,True,False,0.011970187940288505,0.9880298120597115,1
50.0,10917.0,0,0.0,-1.0,6.5,1.3671498597533784,6.823052267803105,-19.58333333333248,9.25,1,29.0,0,White Sea Technologies Limited,White Sea Technologies Limited.json,0,True,False,0.004151329999890093,0.9958486700001099,1
82.14,37899.0,0,0.0,0.243,3.83,0.5,0.0,582.9899999999984,4.0,0,63.0,0,Wild Bru And Lavers Ltd,Wild Bru and Lavers Ltd.json,1,True,False,0.37689144573324,0.62310855426676,0
66.65,395086.0,0,0.0,-0.304,50.0,0.9189575534237384,-0.5270637152141763,90378.69230769228,0.8461538461538461,0,12.0,0,Witham Pizza Ltd,WItham pizza ltd.json,1,True,False,0.5730085031481832,0.4269914968518168,1
72.74,845895.0,0,0.0,0.0902113792211519,23.19,0.2353535544710643,0.3688099066776387,41711.34076923078,0.0,0,12.0,0,Wmj Group Limited,WMJ group limited.json,1,True,False,0.9556190825973588,0.04438091740264116,1
79.45,549630.0,0,0.0,-0.061,14.92,0.4758902186593189,-0.1272313837071495,-47.02692307691844,18.23076923076923,0,50.0,0,Wyevalleycatering Ltd,Wyevalleycatering ltd.json,1,True,False,0.500169939822934,0.499830060177066,0
54.86,34252.0,0,0.0,-0.001,50.0,0.5367837616457285,0.5392746833422435,242.13769230769216,0.8461538461538461,0,109.0,0,Xtc Clothing,XTC Clothing.json,0,True,False,0.3464960825631759,0.6535039174368241,1
78.64,4569.0,0,0.0,-0.079,10.0,0.7837169806131968,-0.9709197446765566,279.7666666666668,0.0,0,49.0,0,Ylk Group Ltd,YLK GROUP LTD.json,0,True,False,0.08234392163923021,0.9176560783607698,0
50.0,18535.0,0,0.0,-0.619,50.0,0.6225801750464635,-0.7673952691165299,3411.634999999999,0.0,0,13.0,0,Yoga Management Ltd,Yoga Management Ltd.json,0,True,False,0.27895328086372123,0.7210467191362788,1
78.09,5333.0,0,0.0,-0.462,5.21,1.2574820937162194,1.2436354318133058,12.111428571428702,1.8571428571428568,0,83.0,0,Ys Traders Limited,YS Traders Limited.json,0,True,False,0.0044057623394071176,0.9955942376605929,1
53.09,16325.0,0,0.0,0.036,28.04,0.809134416010739,1.0025867347054902,-10.051428571428394,25.142857142857142,0,35.0,0,Zainobu Limited,Zainobu Limited.json,0,True,False,0.12614715548068706,0.873852844519313,0
