months_covered,txn_count_total,txn_count_avg_month,avg_monthly_inflow,avg_monthly_outflow,avg_monthly_net,outflow_to_inflow_ratio,inflow_volatility_monthly,outflow_volatility_monthly,inflow_cv,outflow_cv,inflow_days_30d,max_inflow_gap_days,first_txn_date,last_txn_date,sign_convention_used,avg_month_end_balance,avg_neg_days_per_month,bounced_count,revenue_growth_rate,application_file,company_name,outcome,txn_extracted_count
12,229,19.083333333333332,3309.536666666667,2959.334166666667,350.2024999999999,0.894183828350595,3131.274862989337,2329.323541923199,0.9461369304432353,0.7871106846128503,14,19.0,2024-03-03,2025-02-17,B(+inflow),4214.189166666666,0.0,0,-0.09303471287559448,A&A Building Construction Ltd.json,A&A Building Construction Ltd,0,229
9,1148,127.55555555555556,7418.099999999999,7276.605555555555,141.49444444444453,0.9809257836313282,5595.9876858136295,5886.796541177952,0.7543694053482198,0.8090031122661983,26,14.0,2023-11-24,2024-07-10,A(-inflow),1259.6355555555563,0.0,8,1.4842767040350056,Accounted Ltd.json,Accounted Ltd,0,1148
13,5115,393.46153846153845,38378.1776923077,38368.661538461536,9.516153846161615,0.9997520425820513,22493.88783991439,21816.273483650773,0.5861114099855486,0.5685961565738146,30,2.0,2023-07-08,2024-07-08,A(-inflow),629.5307692307712,10.461538461538462,0,-0.3687964611388178,Advanced Automotive Performance Ltd.json,Advanced Automotive Performance Ltd,0,5115
13,742,57.07692307692308,5532.177692307691,5513.032307692308,19.14538461538359,0.9965392679555458,2148.286142619646,2118.0491921764446,0.3883255857104457,0.3841895120442412,13,7.0,2025-01-06,2026-01-05,A(-inflow),531.2161538461538,0.7692307692307693,1,0.08681442777084289,Aesthetic Precision.json,Aesthetic Precision,0,742
11,170,15.454545454545455,7243.363636363636,7035.469090909091,207.89454545454464,0.9712986181708649,2818.669230577607,4198.816779107819,0.38913816454376643,0.5968069399286162,5,21.0,2023-12-12,2024-10-22,A(-inflow),3015.93,0.0,0,0.14502016169080112,Akar Food Ltd.json,Akar Food Ltd,1,170
13,3527,271.3076923076923,57008.627692307695,56944.56615384615,64.06153846154484,0.9988762834494578,28695.93291530866,28498.70218915174,0.5033612292895215,0.500463944393874,31,5.0,2023-07-01,2024-07-01,B(+inflow),3423.546923076903,1.5384615384615385,0,0.01791437120243742,Alex Sounthhampton.json,Alex Sounthhampton,0,3527
2,5,2.5,27.99,27.85,0.13999999999999702,0.9949982136477314,27.99,27.650000000000002,1.0,0.9928186714542191,1,,2024-04-23,2024-05-17,A(-inflow),0.3799999999999969,0.0,0,-1.0,All in the wrap Limited.json,All In The Wrap Limited,0,5
11,351,31.90909090909091,6779.587272727274,4502.047272727273,2277.540000000001,0.6640591958802533,5274.981955164467,4433.901245552357,0.7780683016478762,0.9848633248282989,10,27.0,2023-08-28,2024-06-19,B(+inflow),18119.894545454536,5.090909090909091,0,-0.35341908388802734,Anthony Healthcare Ltd.json,Anthony Healthcare Ltd,0,351
6,383,63.833333333333336,7945.238333333334,7838.251666666667,106.98666666666668,0.9865344924622568,5192.475661838056,5151.364878358022,0.6535330274554033,0.6572084053214275,20,21.0,2024-01-22,2024-06-24,A(-inflow),176.9000000000001,0.0,0,3.107638621032511,Apollo Supermarket.json,Apollo Supermarket,0,383
6,1011,168.5,101845.47333333331,100547.34999999999,1298.123333333322,0.9872539908662935,42321.31683210234,40566.95760777524,0.41554440709983786,0.4034612310297113,21,4.0,2024-06-11,2024-11-13,A(-inflow),7518.159999999996,0.0,4,0.23241923679067694,Ashby Street Motors Ltd.json,Ashby Street Motors Ltd,0,1011
13,2774,213.3846153846154,28970.959230769233,28861.564615384617,109.39461538461546,0.9962239905654062,11828.497907683319,12820.02102245943,0.40828810028218215,0.4441900913308676,23,5.0,2025-02-18,2026-02-18,B(+inflow),-635.1107692307776,16.46153846153846,10,0.03719629383541543,Aurina Ltd.json,Aurina Ltd,0,2774
13,1884,144.92307692307693,8318.281538461539,8306.602307692308,11.679230769230344,0.998595956302365,3476.682650316681,3541.7632845023004,0.41795683810909956,0.42637930086317716,27,3.0,2025-01-02,2026-01-02,B(+inflow),-409.39461538461666,21.923076923076923,0,-0.18425633371575123,Auto Repairs Basingstoke Ltd.json,Auto Repairs Basingstoke Ltd,0,1884
13,1114,85.6923076923077,7036.114615384615,6991.408461538463,44.70615384615212,0.9936461873789831,1426.2553722712296,1272.0970453597547,0.20270496577083774,0.1819514697729203,22,5.0,2024-12-16,2025-12-16,B(+inflow),460.15538461538563,5.3076923076923075,0,0.08352791599502912,Ayaz Tyres & Wheels ltd.json,Ayaz Tyres & Wheels Ltd,1,1114
13,5789,445.3076923076923,49150.92692307693,49063.55615384616,87.37076923076529,0.9982223983411849,18335.42431494644,18515.94196728386,0.37304330686666554,0.37738687161656886,21,5.0,2024-10-07,2025-10-06,A(-inflow),-159.11230769229584,14.692307692307692,1,-0.2630948901474807,Baby ultrasound clinic limited.json,Baby Ultrasound Clinic Limited,0,5789
9,771,85.66666666666667,49200.97666666667,48733.69333333333,467.2833333333401,0.9905025598069088,27080.390922596456,26602.560439483597,0.5504035236142627,0.5458761407128511,21,6.0,2024-11-20,2025-07-07,B(+inflow),2262.665555555557,8.555555555555555,10,-0.20268057920617638,Baig halal butcher ltd.json,Baig Halal Butcher Ltd,0,771
13,2248,172.92307692307693,17441.85076923077,17397.830769230768,44.02000000000044,0.9974761852636845,7118.769220436765,7177.174219479484,0.4081429955240192,0.4125327067885267,31,3.0,2025-02-11,2026-02-10,B(+inflow),749.6953846153831,6.3076923076923075,0,0.5301700558858184,Beddoes removals and stotage.json,Beddoes Removals And Stotage,1,2248
13,2031,156.23076923076923,17417.48384615385,17087.177692307698,330.3061538461516,0.9810359431497857,7531.294570234193,8058.925686122719,0.4323985391206356,0.47163585650254486,23,5.0,2023-07-24,2024-07-24,B(+inflow),3945.1092307692275,1.1538461538461537,12,-0.33988990386506435,Bedew Skin Ltd.json,Bedew Skin Ltd,0,2031
13,2098,161.3846153846154,7673.073076923077,7547.434615384616,125.63846153846043,0.9836260569554172,4252.302987302445,3650.6755489943025,0.5541851282625384,0.48369753896944023,19,7.0,2023-07-10,2024-07-08,A(-inflow),865.2038461538475,4.923076923076923,1,0.532177271753543,Beforethefall.json,Beforethefall,0,2098
13,1793,137.92307692307693,10844.386923076925,10805.000769230768,39.38615384615696,0.996368060811041,4256.532060670237,3623.6736070000343,0.3925101613270834,0.3353700461844587,28,2.0,2023-08-05,2024-08-04,A(-inflow),839.9730769230769,0.46153846153846156,0,-0.2270149346552343,Besachkarma Limited.json,Besachkarma Limited,0,1793
13,899,69.15384615384616,6471.364615384616,6449.428461538462,21.936153846153502,0.9966102738525962,4692.9685582493685,4184.987158603304,0.7251899463511297,0.6488927171703223,8,20.0,2023-10-03,2024-10-03,A(-inflow),2430.768461538473,0.0,0,-0.7774601637868616,Beyond Social Media (UK) Ltd.json,Beyond Social Media (Uk) Ltd,0,899
5,1094,218.8,26664.465999999997,26360.190000000002,304.2759999999944,0.9885887082831513,5184.323546603163,5495.515136669173,0.1944281781830232,0.20847782723376324,18,6.0,2025-04-03,2025-08-26,A(-inflow),1453.9999999999968,0.0,25,-0.05169813722837753,BLACKFEN FOOD LTD.json,Blackfen Food Ltd,1,1094
13,312,24.0,7644.149999999999,4230.001538461539,3414.1484615384597,0.5533645386944971,4333.604198899927,4084.626722711629,0.5669177343327809,0.9656324437643625,16,11.0,2023-09-12,2024-09-11,B(+inflow),35489.76076923077,0.0,0,-0.11371050564984789,Blisshealth Concepts Limited.json,Blisshealth Concepts Limited,0,312
12,579,48.25,4574.955833333333,4419.025833333333,155.9300000000003,0.9659166108525273,4778.814201308135,5116.385249955054,1.0445596362897058,1.157808404594841,26,112.0,2024-11-26,2025-11-25,A(-inflow),465.14333333333343,17.833333333333332,0,12.965956889995068,BLOSSOM SALON LTD.json,Blossom Salon Ltd,0,579
11,1644,149.45454545454547,17720.269999999997,17314.591818181816,405.67818181818075,0.9771065462423439,6628.790627862397,6489.056794830984,0.3740795500216643,0.37477388222440877,19,7.0,2024-07-10,2025-05-06,A(-inflow),2456.9009090909135,0.09090909090909091,0,-0.07983330452858504,Boiler solution cover uk.json,Boiler Solution Cover Uk,0,1644
13,1994,153.3846153846154,17074.411538461536,17059.241538461538,15.169999999998254,0.9991115359984251,6285.0326199567735,6375.549812021459,0.36809658744602786,0.37372996904037203,18,7.0,2024-07-22,2025-07-21,A(-inflow),1758.8184615384662,0.7692307692307693,13,-0.10004420307258848,Boiler Solutions Cover UK.json,Boiler Solutions Cover Uk,0,1994
13,356,27.384615384615383,14172.51923076923,12978.996923076924,1193.5223076923066,0.915786157121515,13424.337869526642,8804.026132761328,0.9472090071595564,0.678328701743321,1,50.0,2023-09-12,2024-09-12,A(-inflow),15071.66846153846,0.38461538461538464,0,-0.4403032707148048,Bottom Line Consultants Ltd.json,Bottom Line Consultants Ltd,0,356
13,740,56.92307692307692,13295.550769230767,13177.55153846154,117.99923076922823,0.9911249084135493,7900.079167744958,8137.056286883196,0.5941896883300027,0.6174937933753045,22,55.0,2023-09-25,2024-09-11,A(-inflow),3110.5492307692334,0.0,0,0.1333760770806272,Bramble and Willow Ltd.json,Bramble And Willow Ltd,0,740
10,909,90.9,33743.738,33527.092000000004,216.64599999999336,0.9935796680261092,17632.602961635468,17783.052388809858,0.5225444484436037,0.5304084347312273,16,14.0,2024-11-14,2025-08-18,A(-inflow),1030.891000000002,0.1,2,1.3107439498784956,Brazilian cleaning essential ltd.json,Brazilian Cleaning Essential Ltd,0,909
6,1308,218.0,13141.429999999998,13131.24,10.18999999999869,0.9992245897136005,1656.0437684936553,2199.433988317601,0.1260170140154957,0.16749629039737304,26,6.0,2024-04-02,2024-09-24,A(-inflow),843.6849999999995,2.5,0,-0.13511649523304956,Brookhouse Hypnotherapy Ltd.json,Brookhouse Hypnotherapy Ltd,1,1308
4,523,130.75,23416.96,22916.1875,500.7724999999991,0.9786149653926044,13616.100758335699,13987.595816403502,0.5814632112082738,0.6103805799460972,31,2.0,2024-03-28,2024-06-28,A(-inflow),1893.4550000000004,0.0,0,1.5206577959730447,BTWBTW Ltd.json,Btwbtw Ltd,0,523
13,758,58.30769230769231,10691.844615384614,10643.342307692308,48.5023076923062,0.9954636164818075,4054.964530319338,4094.5574597340683,0.37925771241424555,0.3847059825159237,30,13.0,2023-10-24,2024-10-24,B(+inflow),545.2292307692321,2.230769230769231,0,-0.0023919760980312234,Bulgarian Food Pirin Ltd.json,Bulgarian Food Pirin Ltd,0,758
13,1789,137.6153846153846,14216.773076923078,10099.873076923077,4116.9000000000015,0.7104195180070344,6152.95123961275,6960.808216325706,0.43279520650156056,0.6891975932084003,29,2.0,2023-06-24,2024-06-24,B(+inflow),47918.82461538445,0.0,0,-0.334724930149012,Bunker Publishing.json,Bunker Publishing,0,1789
10,787,78.7,6107.462999999999,6074.261999999999,33.20100000000002,0.9945638639153442,3649.1085315732935,3008.4735842676096,0.597483526559767,0.4952821567900117,26,16.0,2024-03-03,2024-12-09,A(-inflow),1645.4970000000035,0.0,0,-0.44521932914021567,Cakes by Aleina Ltd.json,Cakes By Aleina Ltd,0,787
4,37,9.25,3458.355,2450.7974999999997,1007.5575000000003,0.708659897552449,1703.6030861896795,3060.5471835145345,0.4926050351076392,1.2487964360639894,5,16.0,2025-10-29,2026-01-16,A(-inflow),1934.6774999999998,0.0,0,1.9021680874230622,Canny fast car solutions Ltd.json,Canny Fast Car Solutions Ltd,0,37
5,404,80.8,8840.782,8350.028,490.753999999999,0.9444897521508845,3222.032760965661,4701.383228142118,0.36445110409527814,0.563038019530248,8,13.0,2025-04-25,2025-08-27,A(-inflow),2545.222,2.4,0,-0.4132214860064658,CDS Wholesale Limited.json,Cds Wholesale Limited,0,404
13,5267,405.15384615384613,8930.308461538461,8771.09,159.21846153846127,0.9821710008983238,8947.2101345863,8752.976200373658,1.0018926191766646,0.9979348291231372,30,4.0,2024-09-29,2025-09-29,A(-inflow),783.0584615384639,5.846153846153846,0,7.676375773047301,Cellor Shades.json,Cellor Shades,0,5267
13,611,47.0,6321.35,6294.435384615384,26.91461538461681,0.995742267809152,2353.529668937537,2107.619703156275,0.3723144057736934,0.33483856364744613,17,8.0,2024-09-17,2025-09-16,A(-inflow),856.5069230769229,0.6153846153846154,0,0.1955000868615071,Cetin barber beauty ltd.json,Cetin Barber Beauty Ltd,0,611
13,2032,156.30769230769232,50201.86461538461,49727.23307692307,474.63153846154455,0.9905455396508103,39280.07957296785,39190.98012907864,0.7824426418004058,0.7881190587952904,29,6.0,2024-10-01,2025-10-01,A(-inflow),3903.9400000000023,2.1538461538461537,0,-0.6937211422909154,champagne one ltd.json,Champagne One Ltd,0,2032
13,1708,131.3846153846154,30925.663846153846,30203.124615384615,722.5392307692309,0.9766362580165246,9925.04704382072,10175.44137524765,0.3209323846108828,0.3369002877955405,18,6.0,2025-01-13,2026-01-12,B(+inflow),7678.1507692307705,1.1538461538461537,3,0.29864568283957305,CHEERS&CHILL LIMITED.json,Cheers&Chill Limited,0,1708
6,2080,346.6666666666667,32824.689999999995,30375.856666666663,2448.833333333332,0.9253966044056064,12058.936587545079,10932.025651902557,0.3673739672041101,0.3598919290364889,31,1.0,2025-04-08,2025-09-11,A(-inflow),8466.174999999997,0.0,0,-0.08789197492478931,chilli too limited.json,Chilli Too Limited,0,2080
13,880,67.6923076923077,10547.443076923075,10526.256153846152,21.18692307692254,0.9979912740061828,5051.304210196054,5391.2115814686895,0.47891267801652193,0.5121680018682438,31,3.0,2024-09-02,2025-09-02,A(-inflow),731.6253846153847,0.38461538461538464,0,0.13381904833053687,Class barber sw Ltd.json,Class Barber Sw Ltd,1,880
13,5240,403.0769230769231,31024.756153846156,29632.378461538465,1392.3776923076912,0.9551204307488143,13115.202877109707,12200.699491720734,0.4227334716854433,0.4117354098847215,28,4.0,2025-02-06,2026-02-06,B(+inflow),9280.431538461526,1.2307692307692308,0,0.37673188963860277,Cleaner Than Ever Norbury Ltd.json,Cleaner Than Ever Norbury Ltd,0,5240
7,351,50.142857142857146,37458.619999999995,37346.794285714284,111.825714285711,0.9970146867587297,32177.563552657975,31623.28183521929,0.8590162572101689,0.8467468879200611,6,24.0,2024-03-04,2024-09-09,A(-inflow),1003.9057142857133,0.0,0,0.46378169697433635,CoreERP Solutions.json,Coreerp Solutions,0,351
8,1402,175.25,12460.158749999999,12406.755000000001,53.40374999999767,0.9957140393576448,5536.056073138705,5451.945446143513,0.4443006051699546,0.4394336348338879,22,6.0,2025-03-05,2025-10-02,A(-inflow),402.54750000000035,0.125,0,-0.011484289968496708,Creative Plus Media Ltd.json,Creative Plus Media Ltd,0,1402
13,1610,123.84615384615384,15134.086923076924,14601.71230769231,532.3746153846132,0.9648228123645285,8411.710133694469,8536.413396943126,0.5558121990741333,0.5846172844020538,23,14.0,2023-06-19,2024-06-19,A(-inflow),3427.5092307692294,1.4615384615384615,0,1.2942154817906388,CS Sport.json,Cs Sport,0,1610
2,99,49.5,7099.715,6883.455,216.26000000000022,0.969539622365123,160.30499999999984,458.4250000000002,0.022579075357250233,0.0665980964501112,17,2.0,2024-04-10,2024-05-01,A(-inflow),175.32999999999961,7.5,0,-0.04416103536904853,CS Sports.json,Cs Sports,1,99
10,435,43.5,5929.68,5927.932000000001,1.7479999999995925,0.9997052117483575,9272.616163274526,9331.563288514739,1.563763333480816,1.5741684095760102,18,83.0,2024-09-03,2025-08-26,A(-inflow),31.661000000001316,16.6,0,-0.3314306489115304,Custom Car Paint LTD.json,Custom Car Paint Ltd,0,435
4,62,15.5,5415.282499999999,5015.43,399.85249999999905,0.9261622085274408,2581.0202929885595,3189.4371939497414,0.47661784828188736,0.6359249743191991,5,17.0,2024-05-12,2024-08-05,A(-inflow),1210.8649999999993,0.0,0,-0.31080040956664073,D&C Couriers Limited.json,D&C Couriers Limited,0,62
2,94,47.0,4532.860000000001,4475.0199999999995,57.840000000001055,0.9872398441601988,2382.78,2226.43,0.5256681212303049,0.4975240334121412,9,4.0,2024-02-21,2024-03-06,A(-inflow),164.93500000000026,1.0,0,-0.6890989120312798,Data4est Ltd.json,Data4Est Ltd,0,94
6,560,93.33333333333333,10599.821666666665,10580.533333333335,19.28833333333023,0.9981803152977576,5703.166653466641,4241.821564747338,0.5380436419417725,0.4009081046400311,16,7.0,2025-08-01,2026-01-12,A(-inflow),2176.7900000000013,0.0,0,-0.008325402514500008,Davaro limited.json,Davaro Limited,0,560
13,1906,146.6153846153846,1706.3184615384612,1636.246153846154,70.07230769230728,0.9589336285858806,575.9304755029185,511.67702008709267,0.33752812765305523,0.3127139635343659,20,5.0,2023-07-22,2024-07-21,A(-inflow),441.03153846153845,0.6923076923076923,9,0.225920271204055,Deli Ice Limited.json,Deli Ice Limited,0,1906
13,2929,225.30769230769232,11235.75923076923,11149.58769230769,86.17153846153997,0.9923305994110697,5598.542272735565,6197.785435976496,0.49827894650892,0.5558757513744176,24,4.0,2023-07-17,2024-07-16,B(+inflow),-416.41000000000156,9.307692307692308,0,-0.2189682614347965,Deluxe Lounge.json,Deluxe Lounge,0,2929
7,489,69.85714285714286,2793.3728571428574,2631.8528571428574,161.51999999999998,0.9421774291294549,1641.9954048283907,1389.3286399934761,0.5878182000049471,0.5278899373963227,27,12.0,2025-02-14,2025-08-11,B(+inflow),632.7714285714288,9.0,0,-0.24212580006683282,Diva Hair Studio Ltd.json,Diva Hair Studio Ltd,0,489
13,1011,77.76923076923077,10097.363076923077,9736.76923076923,360.59384615384624,0.9642883153347271,2675.5870518891147,3896.8360503193667,0.26497879015601705,0.4002185897561327,23,5.0,2023-07-05,2024-07-05,B(+inflow),2955.6807692307493,4.230769230769231,0,0.019940965812351587,DLC Lighting Ltd.json,Dlc Lighting Ltd,0,1011
9,684,76.0,2507.208888888889,2453.4955555555553,53.713333333333594,0.9785764426843838,1871.3445139521384,1554.4695506693029,0.7463855613488415,0.6335734120852393,13,19.0,2025-05-22,2026-01-14,A(-inflow),844.2933333333337,2.4444444444444446,0,1.264574035185409,Dottie dances ltd.json,Dottie Dances Ltd,0,684
13,525,40.38461538461539,8932.427692307692,4210.8130769230775,4721.614615384615,0.47140746300686975,3836.293574895824,2490.3815878337405,0.4294793875800989,0.5914253476322702,23,6.0,2023-06-28,2024-06-28,B(+inflow),27538.760000000002,0.0,0,0.9437070184442684,Drillskillz Consults Limited.json,Drillskillz Consults Limited,0,525
2,91,45.5,3452.5249999999996,2289.52,1163.0049999999997,0.6631436412480721,2675.455,1860.7800000000002,0.774927046147385,0.8127380411614663,7,3.0,2024-01-24,2024-02-01,B(+inflow),2151.8449999999993,2.0,0,-0.8731931239984465,DTS Materials Ltd.json,Dts Materials Ltd,0,91
13,1126,86.61538461538461,8136.905384615384,8068.4792307692305,68.42615384615328,0.9915906415754167,3459.238318237602,2976.0484387224756,0.4251294754856135,0.36884874504891624,12,16.0,2024-12-11,2025-12-10,A(-inflow),921.4023076923075,4.3076923076923075,0,0.4680306629902261,Due Auto Motive LTD.json,Due Auto Motive Ltd,0,1126
7,220,31.428571428571427,7438.88,6673.057142857143,765.8228571428572,0.8970513226261403,7894.015207689213,8124.756883931473,1.0611832974438642,1.2175464273714833,6,16.0,2025-02-26,2025-08-05,A(-inflow),1103.627142857143,2.7142857142857144,0,8.501958954489256,Dybo Travel Limited.json,Dybo Travel Limited,0,220
8,572,71.5,4210.055,4008.55875,201.49625000000015,0.9521392832160149,2611.2160952131094,2341.662408025746,0.6202332499725323,0.5841656700243563,4,17.0,2024-06-20,2025-01-27,A(-inflow),1751.793750000001,1.25,0,-0.6346953906572713,Elar One Ltd.json,Elar One Ltd,0,572
13,382,29.384615384615383,6916.296153846154,6893.7753846153855,22.520769230768565,0.9967438107435228,4580.621178136532,4278.105742780263,0.6622939614274972,0.6205751571667932,11,11.0,2024-04-24,2025-04-23,B(+inflow),-444.2307692307696,13.153846153846153,0,1.9943676405525026,Ellevate Limited.json,Ellevate Limited,0,382
7,292,41.714285714285715,19358.895714285718,19214.769999999997,144.1257142857212,0.9925550653088459,18090.270534383046,17203.4665546503,0.9344681019709972,0.8953251355415809,26,29.0,2024-03-28,2024-09-04,A(-inflow),6066.451428571422,0.0,0,0.7609477910971891,Elm Pub Group Ltd TA As The Bull Inn.json,Elm Pub Group Ltd Ta As The Bull Inn,0,292
2,95,47.5,2425.03,2382.535,42.495000000000346,0.9824765054452933,2374.47,1846.6149999999998,0.9791507733924939,0.7750631155470958,14,5.0,2024-02-07,2024-03-04,A(-inflow),327.6699999999999,1.0,0,-0.9894655693301385,Elpromotions Limited.json,Elpromotions Limited,0,95
13,1754,134.92307692307693,16102.025384615381,16082.642307692307,19.38307692307353,0.9987962336128476,5895.206840872593,5830.241770043178,0.36611585810224506,0.3625176546552043,31,4.0,2023-09-10,2024-09-10,B(+inflow),-91.91615384615608,18.46153846153846,0,-0.1460532001566953,Els Management Ltd.json,Els Management Ltd,0,1754
1,98,98.0,3558.14,1156.42,2401.72,0.325006885620015,0.0,0.0,0.0,0.0,11,3.0,2024-06-04,2024-06-17,B(+inflow),2401.7200000000007,0.0,0,0.0,Elsco Private Limited.json,Elsco Private Limited,1,98
13,1610,123.84615384615384,23876.767692307687,23683.420000000002,193.34769230768507,0.9919022668897526,12378.318425965095,11975.926797271266,0.5184252150659817,0.5056671205962342,12,7.0,2024-08-19,2025-08-06,A(-inflow),2374.742307692309,0.0,4,0.23987486226549573,EMP MOTORS LTD.json,Emp Motors Ltd,0,1610
11,310,28.181818181818183,2485.241818181818,2420.3681818181817,64.87363636363625,0.9738964490742807,2058.052819897391,2321.8661946288657,0.828109685279256,0.9593028912174341,2,37.0,2024-02-09,2025-01-27,A(-inflow),797.726363636364,0.0,0,-0.2619433561417064,Erfan Carpet.json,Erfan Carpet,0,310
13,1083,83.3076923076923,7422.3969230769235,7323.363076923079,99.03384615384493,0.986657430587424,5165.893282264393,3923.3271191786744,0.6959872041069576,0.5357275172579681,15,13.0,2024-12-24,2025-12-23,A(-inflow),989.4576923076943,5.846153846153846,0,-0.026856834051067327,Faith & Love nursery Ltd.json,Faith & Love Nursery Ltd,0,1083
13,2499,192.23076923076923,6238.487692307692,6125.326153846153,113.16153846153884,0.9818607418908477,5025.613306715225,4569.682744497929,0.8055819863060738,0.7460309263088921,29,16.0,2024-10-14,2025-10-06,A(-inflow),1225.8099999999974,0.6923076923076923,0,2.863390698667081,Farm to Fridge Ltd.json,Farm To Fridge Ltd,0,2499
13,199,15.307692307692308,826.16,803.0053846153846,23.15461538461534,0.9719732069034868,666.0683139715647,676.5721483912106,0.8062219351839411,0.8425499521591231,1,31.0,2023-07-10,2024-07-08,A(-inflow),178.0969230769231,3.769230769230769,0,-0.45244972602802447,Flight Training Essex ltd.json,Flight Training Essex Ltd,0,199
5,598,119.6,12399.434,12062.97,336.46399999999994,0.9728645678504357,19139.051540487162,4918.738475219027,1.5435423536660757,0.40775517764025176,23,53.0,2024-05-03,2024-09-26,A(-inflow),12033.428000000018,0.0,0,-0.8493093443829267,Foolgood Salons Ltd.json,Foolgood Salons Ltd,0,598
13,2606,200.46153846153845,5542.031538461539,5230.917692307693,311.11384615384577,0.943862851736818,1993.242383218652,1959.6802946758505,0.3596591555615675,0.3746341292193627,23,3.0,2024-06-30,2025-06-30,A(-inflow),2352.990000000006,0.3076923076923077,0,0.10230217933962994,Forty3 Media.json,Forty3 Media,0,2606
13,3095,238.07692307692307,47051.10846153846,46655.33384615385,395.7746153846092,0.9915884103833997,17575.856013617897,17965.177150456526,0.37354818171786824,0.3850615925222348,24,6.0,2023-07-08,2024-07-07,A(-inflow),749.2692307692331,10.846153846153847,0,0.27266176186909086,Four Paws Walking and Training Ltd.json,Four Paws Walking And Training Ltd,0,3095
2,97,48.5,5079.16,3743.415,1335.745,0.737014585088873,4321.42,2985.675,0.8508139141117823,0.7975805514483434,15,2.0,2024-03-30,2024-04-15,A(-inflow),1335.745,2.5,0,11.406075962731279,Four the Willows Ltd.json,Four The Willows Ltd,0,97
2,39,19.5,7285.37,7208.275,77.09500000000025,0.9894178332740822,5767.719999999999,4046.2749999999996,0.7916852541463233,0.5613374905924094,12,3.0,2024-02-21,2024-03-11,A(-inflow),976.3650000000009,0.0,0,-0.8837325108460908,French Sole Ltd.json,French Sole Ltd,0,39
13,6927,532.8461538461538,20577.289230769235,19661.625384615385,915.6638461538496,0.9555012404265253,17498.777669256022,16820.707580194405,0.8503927545077263,0.8555095141501419,31,7.0,2023-06-24,2024-06-24,A(-inflow),7091.809999999997,0.38461538461538464,0,2.5922618660670955,FS Fashionista Ltd.json,Fs Fashionista Ltd,0,6927
13,3097,238.23076923076923,61657.11076923076,58268.55,3388.5607692307603,0.9450418495619523,34655.297693843284,31731.94051695304,0.5620648982977904,0.5445809191571275,29,3.0,2024-09-24,2025-09-24,A(-inflow),21058.059999999994,3.769230769230769,0,0.7728613879371982,FT Fitness LTD.json,Ft Fitness Ltd,0,3097
13,973,74.84615384615384,6316.5199999999995,6287.573846153846,28.94615384615372,0.9954173890296946,15060.097219709698,8297.219709442565,2.3842396160717767,1.3196218306872107,4,24.0,2023-07-24,2024-07-22,A(-inflow),3701.931538461523,0.0,2,-0.87354691136914,Furfamilyfair Ltd.json,Furfamilyfair Ltd,0,973
12,628,52.333333333333336,14465.190833333332,14332.937499999998,132.253333333334,0.9908571317961066,1933.4633832644222,2120.816618868484,0.13366317842202144,0.14796803648020404,13,8.0,2024-07-03,2025-06-29,A(-inflow),139.91750000000002,15.333333333333334,0,0.06852213919881163,FusionPrint UK Ltd.json,Fusionprint Uk Ltd,0,628
12,501,41.75,13291.834166666667,12589.634166666663,702.2000000000044,0.9471705717062747,6331.904853827504,9611.898457059577,0.47637555317284114,0.7634771852631603,20,30.0,2023-08-23,2024-07-22,B(+inflow),740.9841666666653,13.5,1,0.2912386150578018,Future Analytics Ltd.json,Future Analytics Ltd,0,501
13,957,73.61538461538461,11845.903076923076,11799.294615384617,46.60846153845887,0.9960654361904027,9199.301489522397,7857.500992385082,0.7765808507621081,0.6659297227937684,4,22.0,2023-06-27,2024-06-27,A(-inflow),1013.7938461538425,7.538461538461538,0,1.044217287837787,Fylde Conservation Ltd.json,Fylde Conservation Ltd,0,957
11,228,20.727272727272727,2417.640909090909,2396.4954545454543,21.145454545454868,0.9912536826846605,1997.3678386063928,2302.9409687826387,0.8261639812164872,0.9609619598545993,12,15.0,2023-11-22,2024-09-04,B(+inflow),-118.60181818181799,14.909090909090908,13,0.2965024756471665,Gas Records.json,Gas Records,0,228
13,2322,178.6153846153846,36478.14384615385,36438.14923076923,39.994615384617646,0.99890360059017,19101.05852804721,18254.20561462079,0.5236302211155728,0.5009641268828909,24,5.0,2023-09-27,2024-09-27,A(-inflow),403.00307692307587,8.307692307692308,0,1.2771022078338767,GC Bike Repairs Ltd.json,Gc Bike Repairs Ltd,0,2322
9,2121,235.66666666666666,52077.83,51580.10555555556,497.7244444444441,0.990442680802091,12801.434023565918,13516.439143074062,0.24581350689085774,0.26204752777242507,21,5.0,2025-03-05,2025-11-25,A(-inflow),3198.4111111111106,0.1111111111111111,17,0.2715865471870269,GC COUTURE LTD.json,Gc Couture Ltd,1,2121
13,1514,116.46153846153847,4270.14,4248.006153846154,22.133846153846207,0.9948165994197272,2321.700510613851,2381.4908555890866,0.5437059465530054,0.5606137960588592,21,16.0,2024-10-22,2025-10-21,A(-inflow),-463.3192307692312,22.692307692307693,0,1.0218891227832392,Gem drycleaning & tailoring services ltd.json,Gem Drycleaning & Tailoring Services Ltd,0,1514
11,1091,99.18181818181819,13438.548181818182,13400.407272727274,38.14090909090737,0.9971618281547325,12147.277822877038,12279.804978834218,0.9039129568558469,0.9163755047823267,18,19.0,2023-09-05,2024-07-17,A(-inflow),379.48000000000053,0.09090909090909091,0,0.7037731109473074,Get Outside Events Limited.json,Get Outside Events Limited,0,1091
13,1103,84.84615384615384,17152.305384615385,17000.263846153844,152.04153846154077,0.9911357957398593,11564.677273288571,11752.997912097899,0.6742345716198249,0.6913420884792272,28,3.0,2023-07-22,2024-07-22,B(+inflow),-4459.850769230782,21.076923076923077,0,-0.16388841681068228,Go Commercial Finance Ltd.json,Go Commercial Finance Ltd,0,1103
13,3076,236.6153846153846,118369.32999999999,113349.18615384617,5020.14384615382,0.9575891504483989,31608.99051529461,39781.09918095305,0.26703699780419987,0.35096060704802157,25,3.0,2023-10-21,2024-10-21,B(+inflow),64959.87615384623,0.07692307692307693,0,0.3570524013181415,Golden Triangle Financial Services Ltd.json,Golden Triangle Financial Services Ltd,1,3076
1,96,96.0,45400.71,36368.8,9031.909999999996,0.8010623622405906,0.0,0.0,0.0,0.0,7,3.0,2024-03-15,2024-03-26,A(-inflow),9031.910000000002,4.0,0,0.0,Gozone Care Ltd.json,Gozone Care Ltd,1,96
13,919,70.6923076923077,15395.621538461537,15360.01384615385,35.6076923076871,0.9976871546095927,5785.650702096918,6310.189572931336,0.37579844942558066,0.410819263324519,19,5.0,2024-11-26,2025-11-26,B(+inflow),-850.59384615385,15.307692307692308,1,-0.037053891137365375,GRAZKA LIMITED.json,Grazka Limited,0,919
12,1416,118.0,1943.0291666666665,1840.5533333333335,102.47583333333296,0.947259755493463,1128.1905708660095,980.8221392139466,0.5806349128569487,0.5328952557096669,16,9.0,2023-07-21,2024-06-27,A(-inflow),648.0616666666666,0.0,0,0.05492315746242493,Green Future Search Lab.json,Green Future Search Lab,0,1416
7,351,50.142857142857146,14073.408571428572,14069.341428571428,4.067142857144063,0.9997110051316637,7044.8801109487185,7304.915951671427,0.5005809413684635,0.5192080943346012,22,7.0,2025-01-27,2025-07-28,B(+inflow),-174.03428571428532,25.714285714285715,2,1.274828351068991,greenlight digital.json,Greenlight Digital,0,351
10,100,10.0,7399.860000000001,7399.860000000001,0.0,1.0,2815.8297619707055,2964.4794646615446,0.38052473451804564,0.40061291222557516,7,28.0,2023-06-27,2024-03-23,A(-inflow),100.03999999999998,0.0,0,-0.020295035127051223,GreenSec Limited.json,Greensec Limited,0,100
10,100,10.0,7399.860000000001,7399.860000000001,0.0,1.0,2815.8297619707055,2964.4794646615446,0.38052473451804564,0.40061291222557516,7,28.0,2023-06-27,2024-03-23,A(-inflow),100.03999999999998,0.0,0,-0.020295035127051223,Gwynne and HHyde Plumbing and Heating Ltd.json,Gwynne And Hhyde Plumbing And Heating Ltd,0,100
9,1501,166.77777777777777,5146.6322222222225,5118.87,27.76222222222259,0.9946057497362352,2644.6050888586906,2526.2361863012293,0.5138515780163514,0.493514425312858,19,11.0,2025-05-06,2026-01-28,A(-inflow),208.07222222222177,7.444444444444445,0,-0.37643339165016665,Habitat music studios ltd.json,Habitat Music Studios Ltd,0,1501
13,1045,80.38461538461539,16615.743846153844,16490.486153846156,125.25769230768856,0.9924615055776342,5142.3462993904295,5744.129026019708,0.30948637310515364,0.3483298777507525,23,5.0,2023-11-14,2024-11-14,B(+inflow),4226.769999999998,1.4615384615384615,0,-0.06153490237257857,Hair and Beauty Palace Ventures Limited.json,Hair And Beauty Palace Ventures Limited,1,1045
13,1073,82.53846153846153,15195.796923076925,15185.140769230771,10.656153846153757,0.9992987433367202,5564.750381045351,9092.662134029973,0.36620326062626607,0.5987868187863087,19,5.0,2023-06-26,2024-06-24,B(+inflow),160.36076923076487,9.615384615384615,1,0.01181688709204367,Hans Lec Design.json,Hans Lec Design,0,1073
13,1997,153.6153846153846,3937.036153846154,3886.2284615384615,50.80769230769238,0.987094938851893,1188.6509550587716,1258.2465203842892,0.3019151739050096,0.32377059991120044,29,9.0,2024-07-30,2025-07-30,B(+inflow),82.3700000000022,1.6923076923076923,0,0.2525729542723232,Hardman Fitness LTD.json,Hardman Fitness Ltd,1,1997
5,98,19.6,11594.852,11255.0,339.85200000000077,0.9706894059536076,8036.551583524864,7581.23340888539,0.6931137701046002,0.6735880416601857,12,7.0,2023-11-23,2024-03-11,B(+inflow),1019.2639999999999,7.2,13,1.08925644506813,Harley Street Hair Transplants.json,Harley Street Hair Transplants,0,98
8,114,14.25,2197.34125,2178.9025,18.4387499999998,0.9916086088130373,3440.7371403176003,3449.6445464886306,1.5658638094185873,1.583202803470385,16,130.0,2023-08-25,2024-07-25,B(+inflow),124.33375000000021,1.0,0,7.813940375167484,Hashmis and Bukharis Ltd.json,Hashmis And Bukharis Ltd,0,114
13,1912,147.07692307692307,22599.34769230769,22241.096923076922,358.2507692307663,0.9841477385051823,6905.2149970073115,7114.335262349788,0.30554930571547834,0.31987339864375547,26,4.0,2024-11-12,2025-11-12,A(-inflow),4599.519230769232,0.15384615384615385,9,0.16724747835371256,Haus of sass limited by Stephanie limited.json,Haus Of Sass Limited By Stephanie Limited,1,1912
2,212,106.0,17013.37,14171.66,2841.709999999999,0.8329719508833348,7933.929999999999,6956.760000000001,0.46633500593944643,0.490892386636428,23,3.0,2025-12-10,2026-01-05,A(-inflow),4751.150000000001,0.5,0,-0.6360552043708136,Havelock Group Ltd TA New Longcar.json,Havelock Group Ltd Ta New Longcar,0,212
13,1886,145.07692307692307,79981.64461538462,77859.00615384617,2122.638461538445,0.973460930045315,36315.55541837126,36594.54368623143,0.454048620692977,0.47001041361768897,20,5.0,2024-07-01,2025-07-01,B(+inflow),18886.760000000017,3.6153846153846154,177,0.016790538811637536,Heart of the home interiors.json,Heart Of The Home Interiors,0,1886
2,100,50.0,5291.639999999999,5031.195,260.4449999999997,0.9507817992153662,5141.839999999999,5031.195,0.9716911959241369,1.0,11,3.0,2024-01-18,2024-02-01,B(+inflow),445.98999999999967,2.0,0,-0.9856423743563989,Hemming Logistics Ltd.json,Hemming Logistics Ltd,0,100
13,587,45.15384615384615,4215.153846153846,3881.692307692307,333.46153846153857,0.9208898297352045,915.9828345850362,2140.8537611363363,0.2173070943592801,0.5515258787755614,23,5.0,2024-12-12,2025-12-11,A(-inflow),1326.7599999999995,8.153846153846153,0,0.03932443306194136,HERNE HILL DRY CLEANERS LIMITED.json,Herne Hill Dry Cleaners Limited,1,587
2,100,50.0,5291.639999999999,5031.195,260.4449999999997,0.9507817992153662,5141.839999999999,5031.195,0.9716911959241369,1.0,11,3.0,2024-01-18,2024-02-01,B(+inflow),445.98999999999967,2.0,0,-0.9856423743563989,Hewitt and Hyland Leisure Ltd.json,Hewitt And Hyland Leisure Ltd,0,100
13,842,64.76923076923077,4973.844615384614,4937.303846153845,36.540769230769,0.992653415605758,2314.1727188469795,2495.616589593529,0.46526839855209884,0.5054614152494609,19,6.0,2023-10-01,2024-10-01,B(+inflow),241.10769230769296,8.153846153846153,0,-0.36602052626841336,Hidden Pretty Gifts Ltd.json,Hidden Pretty Gifts Ltd,0,842
13,1567,120.53846153846153,6966.020769230769,6928.990000000001,37.03076923076787,0.9946840857273446,2588.0230332421143,2290.8493238299866,0.37152100445544606,0.3306180733165997,22,5.0,2023-09-25,2024-09-23,B(+inflow),-306.17692307692346,16.615384615384617,0,-0.06772938832841865,House of Mystery(1).json,House Of Mystery(1),1,1567
13,1567,120.53846153846153,6966.020769230769,6928.990000000001,37.03076923076787,0.9946840857273446,2588.0230332421143,2290.8493238299866,0.37152100445544606,0.3306180733165997,22,5.0,2023-09-25,2024-09-23,B(+inflow),-306.17692307692346,16.615384615384617,0,-0.06772938832841865,House of Mystery.json,House Of Mystery,1,1567
13,2110,162.30769230769232,77613.32076923076,77398.40000000001,214.92076923075365,0.9972308778042137,18477.830427255027,17032.4298699298,0.23807550358778656,0.22006178254240139,30,3.0,2024-09-10,2025-09-10,B(+inflow),-4384.9423076923085,23.692307692307693,0,0.03532771315690395,HSIDS.json,Hsids,1,2110
13,3709,285.3076923076923,112129.88692307692,111741.8753846154,388.0115384615201,0.9965396242776228,42383.025469889646,53919.17006503255,0.37798152332896895,0.4825332479828429,23,5.0,2023-07-11,2024-07-10,B(+inflow),-19021.67692307684,21.615384615384617,0,0.25195237109352553,Hursley Childcare Ltd.json,Hursley Childcare Ltd,0,3709
11,854,77.63636363636364,5337.206363636364,5284.325454545455,52.88090909090897,0.9900920246495997,8441.534242021597,8361.476739169902,1.5816390948522705,1.5823167613526818,29,73.0,2023-10-30,2024-09-10,A(-inflow),688.818181818182,0.0,2,3.331520905295577,Hussains Leicester Ltd(1).json,Hussains Leicester Ltd(1),0,854
11,854,77.63636363636364,5337.206363636364,5284.325454545455,52.88090909090897,0.9900920246495997,8441.534242021597,8361.476739169902,1.5816390948522705,1.5823167613526818,29,73.0,2023-10-30,2024-09-10,A(-inflow),688.818181818182,0.0,2,3.331520905295577,Hussains Leicester Ltd.json,Hussains Leicester Ltd,0,854
13,961,73.92307692307692,50701.600000000006,50638.5576923077,63.04230769230344,0.9987566012178648,34506.16055152895,46620.48532613024,0.6805734050114581,0.9206519192234452,24,5.0,2024-03-19,2025-03-19,B(+inflow),-7730.010000000014,17.153846153846153,0,-0.45728148598188,IBBmedialtd.json,Ibbmedialtd,0,961
9,1096,121.77777777777777,11455.912222222223,11442.57111111111,13.341111111112696,0.998835438780228,6316.5673125216745,6424.914448446322,0.5513805614073031,0.5614922018887452,29,13.0,2025-03-15,2025-11-12,A(-inflow),296.185555555555,0.0,0,0.235485341284838,INGS PET STORE & GROOMING LTD.json,Ings Pet Store & Grooming Ltd,0,1096
2,93,46.5,3097.6549999999997,1901.575,1196.0799999999997,0.6138756575538593,1345.8349999999998,816.575,0.4344689773393099,0.42942034892128894,18,1.0,2024-02-18,2024-03-06,B(+inflow),2058.75,0.0,0,-0.6057558360657951,Ivy Aesthetic Clinic Academy Ltd.json,Ivy Aesthetic Clinic Academy Ltd,1,93
5,99,19.8,2269.504,2265.904,3.599999999999909,0.99841375031725,1179.581390860334,1281.5352267589058,0.5197529463972455,0.5655734871198893,10,14.0,2023-11-24,2024-03-10,A(-inflow),886.116,0.0,1,1.0045951035781544,Jay Heath Ltd.json,Jay Heath Ltd,0,99
1,98,98.0,5137.21,5062.53,74.68000000000029,0.9854629263744328,0.0,0.0,0.0,0.0,7,1.0,2024-02-23,2024-02-29,A(-inflow),74.68,4.0,0,0.0,JB Bars Ltd.json,Jb Bars Ltd,1,98
3,100,33.333333333333336,1904.6033333333335,1888.6133333333335,15.990000000000009,0.9916045510788773,1335.329103113619,1343.5973868768212,0.701106146221323,0.7114200472710954,27,2.0,2024-03-15,2024-05-01,B(+inflow),-16.65000000000009,14.666666666666666,0,-0.9942383293235064,Jemark Ltd.json,Jemark Ltd,0,100
4,261,65.25,27764.004999999997,26427.995000000003,1336.0099999999948,0.951879781033032,13277.528326139056,12216.104206885066,0.4782281348148099,0.4622410518423764,24,4.0,2025-05-20,2025-08-12,A(-inflow),3024.6124999999993,0.0,0,0.4076277664539051,Joao motorcyles Ltd.json,Joao Motorcyles Ltd,0,261
13,834,64.15384615384616,6824.067692307693,6644.649230769231,179.418461538462,0.9737079891893938,3281.8262970982246,2433.728159516277,0.48091936438403216,0.3662688691295345,28,5.0,2024-08-21,2025-08-20,A(-inflow),1770.2746153846124,1.9230769230769231,0,0.30024976644812545,JOURNEYMAN BARBERS LTD.json,Journeyman Barbers Ltd,0,834
13,1637,125.92307692307692,28526.542307692303,28494.64384615385,31.898461538454285,0.9988817971279382,9993.323470541683,10167.25394386125,0.35031667570334807,0.3568128101111046,23,5.0,2024-08-21,2025-08-21,B(+inflow),-252.73230769230577,14.23076923076923,35,0.057958979763065174,KAHRAS KEIGHLEY LTD.json,Kahras Keighley Ltd,1,1637
1,98,98.0,4219.03,3813.9,405.12999999999965,0.9039755583629413,0.0,0.0,0.0,0.0,10,2.0,2024-02-06,2024-02-16,B(+inflow),405.12999999999994,8.0,0,0.0,Kam marketing Group Limited.json,Kam Marketing Group Limited,1,98
2,100,50.0,2968.2400000000002,2965.59,2.650000000000091,0.9991072150499959,2736.36,2697.08,0.9218796323747406,0.9094581516662789,26,3.0,2024-01-03,2024-02-01,B(+inflow),23.615000000000123,8.5,0,-0.9593521018125722,Ketco Direct Limited.json,Ketco Direct Limited,0,100
2,94,47.0,17998.485,17654.24,344.244999999999,0.980873667978166,10109.974999999999,9993.54,0.561712555251178,0.5660702471474275,8,1.0,2024-03-28,2024-04-04,B(+inflow),458.15000000000094,1.5,0,2.5632153600616587,Kids Tech Company Ltd.json,Kids Tech Company Ltd,0,94
1,87,87.0,1153.17,1023.0,130.17000000000007,0.8871198522334087,0.0,0.0,0.0,0.0,8,1.0,2024-03-18,2024-03-25,B(+inflow),130.17,0.0,0,0.0,Krafty Designs 4 You Limited.json,Krafty Designs 4 You Limited,1,87
1,98,98.0,15697.84,11556.22,4141.620000000001,0.7361662496241521,0.0,0.0,0.0,0.0,18,2.0,2024-03-05,2024-03-25,B(+inflow),4141.619999999998,2.0,0,0.0,Kurkland Ltd.json,Kurkland Ltd,1,98
13,1571,120.84615384615384,9759.156923076922,9730.555384615385,28.60153846153662,0.9970692613422473,9433.015653603517,8882.25986926977,0.9665809995633745,0.912821469914572,21,42.0,2023-08-30,2024-08-28,A(-inflow),-2793.156923076917,24.692307692307693,0,2.055189841981618,Lime Service Group Ltd.json,Lime Service Group Ltd,0,1571
8,544,68.0,5858.43125,5483.7875,374.6437499999993,0.9360504998671787,7794.807605788673,7091.263384693433,1.3305281351195635,1.2931324170919156,27,11.0,2025-01-20,2025-08-06,B(+inflow),794.9124999999989,17.0,0,2.545820033152247,LJR Group Services Limited.json,Ljr Group Services Limited,0,544
13,719,55.30769230769231,16919.399999999998,13132.266923076922,3787.1330769230754,0.7761662306628441,21671.32075985111,15593.409207505874,1.2808563400505404,1.187411838248891,19,21.0,2024-09-09,2025-09-04,B(+inflow),20715.758461538462,10.461538461538462,0,1.724032154868897,London Kizomba Festival.json,London Kizomba Festival,0,719
10,2078,207.8,7646.679000000001,7523.178999999999,123.50000000000182,0.9838491978020782,3750.651010721872,3582.768493783683,0.4904941100210786,0.4762306591114851,26,3.0,2023-12-29,2024-09-19,A(-inflow),969.242,0.0,0,0.4518590437701025,London Recruiting.json,London Recruiting,0,2078
7,173,24.714285714285715,1258.2914285714285,1091.1371428571426,167.15428571428583,0.8671577331619746,714.5858211465389,1061.111940031565,0.5679016839189845,0.9724826498464192,13,11.0,2023-12-12,2024-06-21,A(-inflow),1144.4357142857148,0.0,0,-0.2720384411446879,London21 Ltd.json,London21 Ltd,0,173
13,517,39.76923076923077,3525.827692307692,3491.686923076923,34.14076923076891,0.990316949037171,1550.6953260350604,2262.7654064079834,0.4398102974283788,0.648043612230275,22,8.0,2023-07-06,2024-07-02,B(+inflow),-718.3684615384644,17.692307692307693,0,-0.21892891141442886,Lopez Plant Hire Ltd.json,Lopez Plant Hire Ltd,0,517
2,99,49.5,11525.305,5008.185,6517.12,0.4345381749116401,3950.785,2771.6250000000005,0.34279222979348484,0.5534190530102223,21,1.0,2024-02-18,2024-03-09,B(+inflow),13136.885000000004,0.0,0,-0.5105662993688974,Lumi SKN Ltd.json,Lumi Skn Ltd,0,99
4,149,37.25,8061.162499999999,7992.7375,68.42499999999927,0.9915117701696251,11954.033667805137,12010.296085853535,1.4829168457781539,1.5026511362162882,6,28.0,2024-05-01,2024-08-26,A(-inflow),120.20249999999984,7.75,2,-0.886234020851086,Madinska & Co Ltd.json,Madinska & Co Ltd,0,149
2,18,9.0,684.935,511.8,173.13499999999993,0.7472241891566354,684.935,254.7,1.0,0.4976553341148886,2,9.0,2023-12-21,2024-01-17,A(-inflow),44.58499999999995,12.0,0,0.0,Maj Trade Ltd.json,Maj Trade Ltd,0,18
1,97,97.0,27692.55,25009.34,2683.209999999999,0.9031071533679637,0.0,0.0,0.0,0.0,19,3.0,2024-02-01,2024-02-24,B(+inflow),2683.209999999998,3.0,1,0.0,Manzil Property Management.json,Manzil Property Management,1,97
11,95,8.636363636363637,1884.5463636363638,1847.969090909091,36.577272727272884,0.9805909403806365,2178.2650517546913,2125.1503151818124,1.1558564404600673,1.1499923487012247,5,175.0,2025-02-14,2026-02-09,A(-inflow),399.44818181818204,0.6363636363636364,0,0.7106631814053952,Mar carpio ltd.json,Mar Carpio Ltd,0,95
13,5150,396.15384615384613,445985.6776923077,445260.1599999999,725.517692307767,0.9983732264765499,121212.30959753465,103088.5661480115,0.2717852067015499,0.2315243433142806,22,5.0,2023-07-19,2024-07-19,A(-inflow),-26953.99923076931,24.153846153846153,0,0.3776755790836906,Marvel Heating & REnewable Energy Ltd.json,Marvel Heating & Renewable Energy Ltd,1,5150
1,95,95.0,2711.69,2480.07,231.6199999999999,0.9145846317241279,0.0,0.0,0.0,0.0,12,1.0,2024-02-12,2024-02-23,B(+inflow),231.6199999999999,4.0,0,0.0,Marvellous Glow Ltd.json,Marvellous Glow Ltd,1,95
2,100,50.0,6669.775000000001,5948.38,721.3950000000004,0.8918411790502677,2919.1750000000006,3605.87,0.4376721853435836,0.6061936191030163,13,1.0,2024-02-21,2024-03-05,A(-inflow),738.7449999999995,2.0,0,-0.6088622841916999,Master Brewer Ltd.json,Master Brewer Ltd,0,100
13,1289,99.15384615384616,10281.613846153848,10279.996923076922,1.6169230769264686,0.9998427364515804,5878.098142602743,4746.269899410701,0.5717096781262239,0.46169954474948305,11,14.0,2024-07-17,2025-07-14,A(-inflow),1128.66307692308,9.615384615384615,0,0.08884405109786975,Mc building & interiors ltd.json,Mc Building & Interiors Ltd,0,1289
1,98,98.0,3536.73,2839.81,696.9200000000001,0.802947920819514,0.0,0.0,0.0,0.0,14,1.0,2024-04-02,2024-04-15,B(+inflow),696.92,0.0,0,0.0,Mecn Marketing Ltd.json,Mecn Marketing Ltd,1,98
3,119,39.666666666666664,655.0266666666668,655.0266666666668,0.0,1.0,322.4790953776006,325.26096233981445,0.4923144534231693,0.49656140565241275,8,15.0,2024-04-12,2024-06-24,A(-inflow),10.333333333333337,4.0,0,-0.41083098206971874,Meli's Landscaping Ltd.json,Meli'S Landscaping Ltd,0,119
8,337,42.125,5226.65,5099.7925,126.85750000000007,0.9757287172471851,2607.090225203186,2402.260317668289,0.4988071183651452,0.4710506001309444,15,6.0,2025-01-02,2025-08-18,A(-inflow),1815.28625,0.0,0,0.21237257079605998,Mens Hair London.json,Mens Hair London,0,337
1,91,91.0,8369.73,7707.47,662.2599999999993,0.9208743890185228,0.0,0.0,0.0,0.0,9,2.0,2024-03-09,2024-03-20,A(-inflow),662.2600000000006,2.0,0,0.0,Mh Home Renovations Ltd.json,Mh Home Renovations Ltd,1,91
13,331,25.46153846153846,1917.3069230769229,1904.091538461538,13.215384615384892,0.9931073192005291,1335.833448107525,1271.164745183579,0.6967238432351559,0.6675964466554223,12,28.0,2023-09-05,2024-09-03,B(+inflow),-56.2192307692308,14.0,0,1.8656414132098031,Mikaiel Limited.json,Mikaiel Limited,0,331
12,1178,98.16666666666667,8384.508333333333,8311.839166666667,72.66916666666657,0.9913329245105805,12706.709285840449,12254.913572346848,1.5154984383906966,1.474392529332529,24,23.0,2023-10-11,2024-09-02,B(+inflow),-152.591666666667,18.75,0,17.727171841545953,Milton Fire Safety.json,Milton Fire Safety,0,1178
13,2759,212.23076923076923,8584.456923076923,7751.699230769231,832.7576923076922,0.9029923849848841,3725.8444382910534,4796.330951650537,0.43402214859686206,0.6187457496560504,20,5.0,2024-01-08,2025-01-08,B(+inflow),6441.230769230757,1.3076923076923077,0,0.35245007493318026,Momokakkoii Ltd.json,Momokakkoii Ltd,0,2759
2,93,46.5,693.62,599.0,94.62,0.8635852484069086,126.5,221.0,0.18237651740145902,0.36894824707846413,8,3.0,2024-02-23,2024-03-03,B(+inflow),189.17999999999995,0.0,0,0.44611369727747213,Moonlight SMC Ltd.json,Moonlight Smc Ltd,1,93
13,2012,154.76923076923077,20111.033846153845,20075.000000000004,36.033846153841296,0.9982082549097429,6069.280834270156,5369.117757934653,0.301788604240795,0.2674529393740798,27,3.0,2023-07-15,2024-07-15,A(-inflow),8190.127692307664,0.9230769230769231,0,-0.2031351376349361,Moviescape Ltd.json,Moviescape Ltd,1,2012
13,2184,168.0,15684.680769230767,15459.359230769229,225.32153846153778,0.9856342923533669,6945.8717134374265,7711.280477923696,0.44284431513986605,0.49880983828719766,30,3.0,2024-04-02,2025-04-01,B(+inflow),2384.733076923071,2.6153846153846154,0,-0.07281290175150347,Moving Ewe Ltd(1).json,Moving Ewe Ltd(1),0,2184
13,2184,168.0,15684.680769230767,15459.359230769229,225.32153846153778,0.9856342923533669,6945.8717134374265,7711.280477923696,0.44284431513986605,0.49880983828719766,30,3.0,2024-04-02,2025-04-01,B(+inflow),2384.733076923071,2.6153846153846154,0,-0.07281290175150347,Moving Ewe Ltd.json,Moving Ewe Ltd,0,2184
3,100,33.333333333333336,1264.8700000000001,1233.993333333333,30.876666666667006,0.9755890592182066,712.7808398098255,849.351833040283,0.5635210257258259,0.6882953174033489,21,4.0,2024-01-12,2024-03-04,B(+inflow),-145.30999999999992,6.666666666666667,0,-0.7689773410159426,Mr Eats Group Ltd.json,Mr Eats Group Ltd,0,100
1,90,90.0,1409.24,1255.32,153.92000000000007,0.8907780080043143,0.0,0.0,0.0,0.0,6,3.0,2024-02-09,2024-02-19,A(-inflow),153.92,7.0,0,0.0,MSFMart UK Ltd.json,Msfmart Uk Ltd,1,90
10,802,80.2,4435.277,4219.608,215.66899999999987,0.9513741757279196,3735.313708142999,6282.412604843461,0.8421827336022077,1.4888616679187878,28,23.0,2025-04-17,2026-01-22,B(+inflow),-1851.577999999993,13.0,3,0.5196328780477277,Mundy Grooming Ltd.json,Mundy Grooming Ltd,0,802
13,4804,369.53846153846155,10008.419999999998,9961.656153846154,46.7638461538445,0.9953275495878625,3607.1504780323803,3465.6064364031663,0.36041158125182404,0.3478946053628954,29,3.0,2023-08-19,2024-08-18,A(-inflow),308.2938461538452,3.3076923076923075,0,0.2236444047591284,Muscle Makers Gym Limited.json,Muscle Makers Gym Limited,0,4804
7,155,22.142857142857142,1413.7985714285714,1398.0085714285713,15.790000000000191,0.9888315066098523,1255.7718752956978,1259.135840730556,0.8882254521072293,0.9006638918128331,11,119.0,2024-10-23,2025-06-29,A(-inflow),863.3185714285713,0.0,0,1.2189651241395036,MYM SUPPLIERS LTD.json,Mym Suppliers Ltd,0,155
13,1011,77.76923076923077,18594.81923076923,16553.286153846155,2041.533076923075,0.8902095765714727,7576.716504861316,18582.57118587387,0.4074638430646299,1.122591068212532,19,6.0,2025-01-13,2026-01-12,B(+inflow),22772.293076923124,2.4615384615384617,2,-0.08915358554272157,Nadia miah hair and skin ltd.json,Nadia Miah Hair And Skin Ltd,0,1011
11,223,20.272727272727273,703.02,699.4809090909091,3.5390909090908735,0.9949658744998849,579.5231034378023,597.4583180357292,0.8243337365050815,0.8541452815520368,13,70.0,2023-09-01,2024-08-19,B(+inflow),-17.873636363636372,24.545454545454547,0,-0.16862989742119305,Noble Executive Limited.json,Noble Executive Limited,0,223
13,1194,91.84615384615384,5359.112307692307,4808.389230769231,550.7230769230755,0.8972361381319469,1792.2142566546595,2796.1043096930457,0.33442371679394917,0.5815054013931675,18,11.0,2024-11-21,2025-11-18,B(+inflow),7682.313076923069,0.38461538461538464,0,0.34779166985573917,Noble parking ltd.json,Noble Parking Ltd,0,1194
13,922,70.92307692307692,10022.776923076925,10011.24230769231,11.534615384614881,0.998849159721588,5193.33148754081,5136.956313051763,0.5181529557525553,0.5131187673985969,20,9.0,2024-03-14,2025-03-06,A(-inflow),806.7969230769218,0.7692307692307693,0,-0.14408642582361958,OM Clinic Limited.json,Om Clinic Limited,0,922
13,6091,468.53846153846155,2930608.031538462,2923782.9469230766,6825.08461538516,0.9976711028762852,1011738.1671026433,994314.9165740456,0.34523148650879726,0.34007822558115686,24,3.0,2024-01-08,2025-01-07,B(+inflow),50727.02230769218,3.769230769230769,0,-0.11834652344981117,Optimum Vehicles Limited.json,Optimum Vehicles Limited,0,6091
2,22,11.0,748.0,745.6949999999999,2.3050000000000637,0.9969184491978609,297.0,297.12499999999994,0.39705882352941174,0.3984537914294718,3,11.0,2024-08-16,2024-09-03,A(-inflow),3.3950000000000067,0.0,0,-0.5684210526315789,Oxford Driveways and Roofing Limited.json,Oxford Driveways And Roofing Limited,0,22
2,183,91.5,26502.95,25548.83,954.119999999999,0.9639994793032474,6892.98,7255.250000000002,0.26008350013866377,0.28397582198480326,21,4.0,2025-08-07,2025-09-29,A(-inflow),1612.3149999999996,2.0,0,0.7030077047542652,PAK euro cash and carry.json,Pak Euro Cash And Carry,0,183
13,324,24.923076923076923,17163.374615384615,17135.34923076923,28.02538461538643,0.9983671401898864,12437.958726426388,11971.343874299584,0.7246802569511861,0.6986343676499539,13,24.0,2024-10-23,2025-10-07,B(+inflow),-2228.2838461538454,16.53846153846154,0,0.050770753972513495,Pamzo Mart Limited.json,Pamzo Mart Limited,0,324
13,2985,229.6153846153846,23784.153076923078,23775.440769230772,8.71230769230533,0.9996336927506256,8184.9617136987035,8269.160518869969,0.34413509227033534,0.3478026169580665,22,5.0,2024-11-18,2025-11-18,A(-inflow),213.21923076923247,7.846153846153846,3,-0.25479769061918983,Party2perfection LTD.json,Party2Perfection Ltd,1,2985
8,391,48.875,7292.965,7292.52875,0.43624999999974534,0.9999401820795795,3281.249460114241,3281.760243339074,0.44991981452183594,0.4500167713893584,6,14.0,2024-06-13,2025-01-30,A(-inflow),18.589999999999744,1.625,0,0.6187258830230397,Patina House Limited.json,Patina House Limited,0,391
13,567,43.61538461538461,1135.8415384615384,1129.8907692307691,5.9507692307693105,0.9947609159999296,1020.5491325514315,1003.9985904561169,0.898496047198391,0.8885802219090967,8,12.0,2025-01-08,2026-01-06,A(-inflow),176.76076923076937,3.3846153846153846,0,0.5044169472378651,Peak Platform websites ltd.json,Peak Platform Websites Ltd,0,567
5,174,34.8,4741.968,4741.802000000001,0.16599999999925785,0.999964993437324,5443.347180584387,5508.274609808047,1.1479088809929523,1.1616416311368645,30,36.0,2024-05-23,2024-09-02,A(-inflow),143.42799999999988,0.0,0,183.66056982061204,Peekzoon Ltd.json,Peekzoon Ltd,0,174
1,97,97.0,14322.84,14266.75,56.090000000000146,0.996083877219881,0.0,0.0,0.0,0.0,20,2.0,2024-03-01,2024-03-22,A(-inflow),56.09,2.0,0,0.0,Pemienterprize Ltd.json,Pemienterprize Ltd,1,97
8,1304,163.0,33749.36125,33723.432499999995,25.928750000006403,0.9992317262004475,29148.891745609915,28061.038429140837,0.8636872126167991,0.832093187107832,23,24.0,2025-05-12,2025-12-10,A(-inflow),3256.251250000001,1.125,4,0.5568203954036588,Peter G ltd.json,Peter G Ltd,0,1304
2,99,49.5,1428.545,1353.31,75.23500000000013,0.9473345256887251,748.855,728.31,0.5242081978516603,0.5381693773045347,21,3.0,2024-02-19,2024-03-18,B(+inflow),102.58000000000006,4.5,0,2.203519251423443,Phoenix Group Services Ltd.json,Phoenix Group Services Ltd,0,99
13,1062,81.6923076923077,5122.4384615384615,5001.341538461538,121.0969230769233,0.9763595162760523,2118.6251206668703,1923.929151669517,0.4135969883434319,0.3846826170286576,23,12.0,2023-09-26,2024-09-26,A(-inflow),902.1692307692308,9.153846153846153,0,0.10768084138768853,Phone Expert Services Ltd.json,Phone Expert Services Ltd,0,1062
13,1076,82.76923076923077,5297.789230769232,5164.7707692307695,133.01846153846236,0.9748917037382501,1883.9345448921176,1634.9010367295655,0.35560768139856197,0.3165486155686759,22,12.0,2023-09-18,2024-09-17,A(-inflow),1008.6415384615393,7.461538461538462,0,-0.05862035016969498,Phone Expert Services.json,Phone Expert Services,1,1076
13,3988,306.7692307692308,11726.339999999998,11722.662307692306,3.6776923076922685,0.9996863733860956,3585.521790592743,3353.7753474810443,0.30576648729209144,0.2860933173243698,19,6.0,2023-06-26,2024-06-24,A(-inflow),1374.5446153846167,12.384615384615385,13,-0.022938619505280505,PJ PHOTOGRAPHY LIVERPOOL LIMITED.json,Pj Photography Liverpool Limited,1,3988
2,100,50.0,429.04499999999996,30.0,399.04499999999996,0.06992273537740797,82.60499999999999,10.0,0.19253225186169282,0.3333333333333333,10,3.0,2024-02-23,2024-03-07,B(+inflow),644.8700000000001,0.0,0,-0.3228965112870126,Platform 10 Ltd.json,Platform 10 Ltd,0,100
2,152,76.0,5470.8,5395.285,75.51500000000033,0.9861967171163266,657.9200000000001,3722.035,0.1202602909994882,0.689868097792795,5,7.0,2024-05-17,2024-06-19,A(-inflow),1645.3300000000002,2.0,0,0.2733997107760842,PLH Services Ltd.json,Plh Services Ltd,1,152
13,4325,332.6923076923077,10345.514615384613,9248.2,1097.314615384612,0.8939332980349941,3718.7999558741353,2950.2222365859416,0.35946012297387125,0.31900502114854146,30,4.0,2025-02-19,2026-02-18,A(-inflow),2845.2084615384406,10.307692307692308,7,0.5681312871490727,PlumbSussex Ltd.json,Plumbsussex Ltd,1,4325
2,37,18.5,2453.3149999999996,2333.44,119.87499999999955,0.9511375424680485,1818.1649999999997,1977.0300000000002,0.7411054022822181,0.847259839550192,5,12.0,2023-12-18,2024-01-16,A(-inflow),100.37999999999997,5.5,0,-0.8513044658994072,Porkies Ltd.json,Porkies Ltd,0,37
9,97,10.777777777777779,5473.085555555556,5442.718888888889,30.366666666667697,0.9944516367671535,2169.829788235377,2114.242242940032,0.3964545714131677,0.3884533238077352,1,31.0,2023-07-05,2024-03-28,B(+inflow),-147.59000000000003,5.777777777777778,0,0.4668225196877568,Post Production Sorted Ltd.json,Post Production Sorted Ltd,0,97
10,889,88.9,49263.183999999994,48860.28999999999,402.89400000000023,0.9918216004876989,24180.020473553453,23670.56366731388,0.4908334888291722,0.48445401505627333,20,6.0,2024-11-20,2025-08-29,B(+inflow),2422.0820000000044,7.7,9,-0.2242994501271079,Premium halal butcher UK ltd.json,Premium Halal Butcher Uk Ltd,0,889
1,100,100.0,37222.67,37081.42,141.25,0.9962052695306381,0.0,0.0,0.0,0.0,8,3.0,2024-03-03,2024-03-16,A(-inflow),141.24999999999505,2.0,0,0.0,Prudent Healthcare Services Ltd.json,Prudent Healthcare Services Ltd,1,100
2,100,50.0,13999.455,11053.545,2945.91,0.7895696653905455,1377.0149999999994,3883.2549999999997,0.09836204337954581,0.35131308553047913,22,3.0,2024-02-19,2024-03-22,B(+inflow),5671.985000000001,0.0,0,0.21818523201536302,ps & sons ltd.json,Ps & Sons Ltd,0,100
1,100,100.0,107938.86,99837.21,8101.649999999994,0.924942231185321,0.0,0.0,0.0,0.0,8,3.0,2024-03-04,2024-03-14,A(-inflow),8101.6499999999905,8.0,0,0.0,Punchard Group Ltd.json,Punchard Group Ltd,1,100
13,651,50.07692307692308,12126.283076923077,12081.349230769232,44.93384615384457,0.9962945078991801,10032.763805565617,9935.073207337004,0.8273568860237535,0.8223479859380265,11,19.0,2025-02-20,2026-02-19,A(-inflow),315.65153846153896,11.0,0,0.2916331709652253,Quantome Commerce LTd.json,Quantome Commerce Ltd,0,651
13,704,54.15384615384615,12593.244615384618,12439.796923076925,153.4476923076927,0.9878150788780651,9458.797975876229,9609.545179776189,0.7511009485451293,0.7724840878993476,20,10.0,2024-12-10,2025-12-08,B(+inflow),995.677692307691,6.3076923076923075,0,1.082605758282294,Quantome Commerce.json,Quantome Commerce,0,704
13,1705,131.15384615384616,34630.46307692308,33745.29923076923,885.163846153846,0.974439734051847,26024.362663658772,24558.7671333535,0.7514875734076104,0.7277685394166137,27,8.0,2024-06-30,2025-06-26,B(+inflow),8813.342307692306,3.5384615384615383,1,-0.014365819717615412,Quest Makkah Tours Limited.json,Quest Makkah Tours Limited,0,1705
2,100,50.0,20522.4,19804.379999999997,718.0200000000041,0.9650128639925153,4905.21,11708.22,0.2390173663898959,0.5911934632641871,6,3.0,2024-02-26,2024-03-04,B(+inflow),-2324.4749999999963,3.0,0,-0.3858176210819656,R W Waste Ltd.json,R W Waste Ltd,0,100
13,653,50.23076923076923,21555.272307692307,21519.28692307692,35.985384615385556,0.9983305530033808,12674.88454292076,11769.138758241588,0.5880178344301197,0.5469111871741699,16,7.0,2024-07-08,2025-07-05,B(+inflow),-4438.505384615388,21.846153846153847,0,0.4498643604633995,R&K BRICKWORK LTD.json,R&K Brickwork Ltd,0,653
4,226,56.5,11825.0525,9375.2225,2449.83,0.7928271354397792,5673.683122810857,6701.990321816255,0.47980193938342824,0.7148620016022292,10,14.0,2024-04-20,2024-07-22,A(-inflow),10255.857500000002,0.0,0,-0.4146683085222764,Ratz Vintage Clothing Ltd.json,Ratz Vintage Clothing Ltd,0,226
13,2118,162.92307692307693,3364.64,3331.2730769230775,33.366923076922376,0.9900830629496997,1487.0546906656693,1540.140518710922,0.44196546752867155,0.46232790982523386,16,5.0,2024-11-20,2025-11-14,A(-inflow),371.1453846153836,0.0,0,0.37930383308682947,Rb Allsort limited.json,Rb Allsort Limited,0,2118
6,365,60.833333333333336,9214.376666666669,9087.896666666666,126.4800000000032,0.9862736238624205,6431.124224306008,6692.210044996761,0.6979445769317013,0.7363871190946745,31,6.0,2025-07-30,2025-12-01,A(-inflow),981.2799999999996,0.3333333333333333,0,0.28491781963839735,Rb market limited.json,Rb Market Limited,0,365
13,1287,99.0,23678.758461538462,21805.781538461542,1872.9769230769198,0.9209005435770965,11013.086591499186,11894.000395657044,0.46510405557739876,0.5454516901711653,25,20.0,2023-09-25,2024-09-23,B(+inflow),19459.945384615414,0.0,0,-0.35933585761452275,Recognised London Limited.json,Recognised London Limited,0,1287
2,96,48.0,2110.96,1635.7350000000001,475.2249999999999,0.7748773070072384,924.1199999999999,800.995,0.43777238791829304,0.4896850651236294,16,5.0,2024-03-11,2024-04-08,B(+inflow),774.4000000000001,0.0,1,-0.6089592366593302,Retail 24 Ltd.json,Retail 24 Ltd,0,96
2,100,50.0,18022.465,13903.715,4118.75,0.7714657789597594,1052.6749999999993,1106.005,0.05840904670920428,0.07954744469373834,15,4.0,2024-04-22,2024-05-16,A(-inflow),6151.460000000004,0.5,0,-0.11037140487566532,Richer Education.json,Richer Education,1,100
13,2026,155.84615384615384,8976.065384615384,8440.653846153846,535.4115384615379,0.9403511989363166,4832.923493124434,4694.563392726885,0.5384233833019834,0.5561848025394451,20,7.0,2024-09-30,2025-09-25,A(-inflow),3476.267692307696,0.0,0,1.2648405703278802,rizpicks travels ltd.json,Rizpicks Travels Ltd,0,2026
3,350,116.66666666666667,11138.176666666666,10270.766666666666,867.4099999999999,0.9221228010688763,3679.582554668699,4043.65951791471,0.33035771157056815,0.39370571342431854,18,4.0,2025-05-27,2025-07-14,A(-inflow),2073.1200000000013,0.0,0,0.04457896381506067,RJ elite property management.json,Rj Elite Property Management,0,350
13,689,53.0,20916.61076923077,20585.416153846156,331.19461538461474,0.9841659521688946,19156.90569788004,18343.741212650304,0.9158704490528966,0.8911037345836208,8,28.0,2024-11-27,2025-11-18,A(-inflow),2648.1161538461524,0.07692307692307693,0,1.6964900359374202,RLK Technologies Limited.json,Rlk Technologies Limited,0,689
11,1096,99.63636363636364,12186.98,12115.539090909091,71.44090909090846,0.9941379317032679,7223.955823500785,6901.442184527224,0.5927601278988548,0.569635583917659,26,3.0,2023-11-16,2024-10-09,A(-inflow),1015.0236363636354,4.363636363636363,0,0.6534664253934361,Rockaway Toys Ltd.json,Rockaway Toys Ltd,0,1096
2,12,6.0,10.015,10.015,0.0,1.0,9.415,9.715,0.9400898652021966,0.9700449326010983,2,70.0,2023-05-12,2023-07-31,A(-inflow),0.15000000000000122,0.0,0,31.383333333333333,Rosethorn Studio Ltd.json,Rosethorn Studio Ltd,0,12
2,100,50.0,8287.855,7802.835000000001,485.0199999999986,0.9414782232555953,4622.325,3760.2050000000004,0.5577227159500256,0.48190241111083343,15,1.0,2024-02-17,2024-03-03,A(-inflow),1158.59,4.5,2,-0.7160744466769634,rothwell local store ltd.json,Rothwell Local Store Ltd,0,100
13,2772,213.23076923076923,59141.20384615384,59009.649230769224,131.55461538461532,0.9977755844178141,20401.575039637934,22619.72723890313,0.34496381055599223,0.38332251646580867,31,3.0,2024-11-17,2025-11-17,B(+inflow),-1056.483846153847,16.846153846153847,0,0.3364052075254265,rowley dunleavy services limited.json,Rowley Dunleavy Services Limited,0,2772
13,1205,92.6923076923077,18911.37307692308,18780.23615384615,131.13692307693054,0.9930657111705468,8712.235492395725,6620.194150594235,0.4606876220440586,0.35250856785623724,27,3.0,2023-06-28,2024-06-28,A(-inflow),-2209.646153846157,20.076923076923077,0,0.18277036965760815,Saffron Private Limited.json,Saffron Private Limited,0,1205
9,1078,119.77777777777777,38658.61333333333,38655.25333333333,3.360000000000582,0.9999130853460514,21164.628848129818,21629.15858791193,0.5474751167518119,0.5595399518248818,21,5.0,2025-06-18,2026-02-02,A(-inflow),1608.5022222222224,0.0,0,0.25070900868012286,Sag Hussain Retail Ltd.json,Sag Hussain Retail Ltd,0,1078
9,890,98.88888888888889,4853.385555555556,4846.003333333333,7.382222222222481,0.998478954095503,4695.727144855821,4700.367346485923,0.9675157868883368,0.9699471963121342,21,29.0,2024-08-15,2025-04-14,A(-inflow),77.02555555555588,0.0,2,8.152543647290024,Sanitaire limited.json,Sanitaire Limited,0,890
1,99,99.0,3975.72,3526.95,448.77,0.8871223325586309,0.0,0.0,0.0,0.0,10,2.0,2024-04-07,2024-04-17,A(-inflow),448.77,3.0,0,0.0,Scrandiggity LTD.json,Scrandiggity Ltd,1,99
13,781,60.07692307692308,6079.25,5992.038461538462,87.21153846153811,0.9856542273370008,2011.110641660473,1987.070619831523,0.33081558443236797,0.33161846883762164,12,7.0,2023-06-26,2024-06-24,A(-inflow),490.6515384615385,0.6153846153846154,3,0.48233665989513375,SCS Facilities Services Ltd.json,Scs Facilities Services Ltd,1,781
2,98,49.0,49182.950000000004,45564.69,3618.260000000002,0.9264326356999733,44673.71,41023.16,0.9083170082315111,0.900327863527657,10,2.0,2024-02-20,2024-03-01,B(+inflow),7252.664999999999,0.0,0,-0.9519560998654757,Sercasa Ltd.json,Sercasa Ltd,0,98
13,1006,77.38461538461539,10875.974615384617,10839.185384615384,36.789230769232745,0.996617385377381,3639.068331346564,3743.7371375335542,0.3345969864805419,0.34538916022667476,25,5.0,2024-11-07,2025-11-06,B(+inflow),-2750.7107692307713,21.23076923076923,0,0.17761852241422507,SF elections Hub limited.json,Sf Elections Hub Limited,1,1006
4,507,126.75,22770.71,21722.98,1047.7299999999996,0.9539878203182949,19329.712942261973,14620.762588974283,0.8488849465941981,0.673055105191566,6,17.0,2024-03-27,2024-06-25,A(-inflow),6259.554999999981,0.0,0,-0.4185285446870692,Shakespeares Shepherd Huts Ltd.json,Shakespeares Shepherd Huts Ltd,0,507
13,1284,98.76923076923077,14608.137692307693,14521.083846153848,87.05384615384537,0.9940407293532231,4509.532784765989,5669.174912849771,0.30870004649125155,0.39040990141733445,27,3.0,2024-09-15,2025-09-15,B(+inflow),-1341.2830769230786,21.846153846153847,0,-0.24796447046970174,shivay traders ltd.json,Shivay Traders Ltd,0,1284
7,334,47.714285714285715,3596.8528571428574,3379.19,217.66285714285732,0.9394851928094282,2605.697811284857,2429.0111864295727,0.7244382561022195,0.718814623158086,29,5.0,2025-01-28,2025-07-02,A(-inflow),717.3185714285715,0.0,0,0.630703401080953,SHREEJI MOBILE REPAIR LIMITED.json,Shreeji Mobile Repair Limited,0,334
13,2994,230.30769230769232,44458.301538461536,44398.196923076925,60.10461538461095,0.9986480676655491,13486.905294212005,13649.634467507174,0.30336078589381743,0.30743668467339225,31,4.0,2023-08-21,2024-08-21,B(+inflow),200.9223076923042,11.615384615384615,0,-0.028782698632103268,silk route import & export ltd.json,Silk Route Import & Export Ltd,1,2994
7,683,97.57142857142857,9412.56857142857,9152.062857142857,260.5057142857131,0.9723236317155269,7453.007153494542,6969.29852456721,0.7918143806269642,0.7615002905195217,17,7.0,2024-03-03,2024-09-02,A(-inflow),1427.2128571428573,0.0,0,1.3894304348737614,Simpli Print Group Ltd.json,Simpli Print Group Ltd,0,683
7,335,47.857142857142854,4266.567142857143,4261.012857142857,5.5542857142863795,0.9986981839196917,947.2475572598187,922.5323584369629,0.2220163249617786,0.21650541534754952,4,8.0,2025-02-07,2025-08-27,A(-inflow),526.7128571428567,0.0,0,0.3411713633541674,SLD Personnel Ltd.json,Sld Personnel Ltd,0,335
13,2012,154.76923076923077,15061.737692307692,15034.916153846154,26.821538461537784,0.9982192268243235,3220.7586639633014,3294.6765236422,0.21383712356165932,0.21913501145793707,19,6.0,2023-10-08,2024-10-08,A(-inflow),-694.3823076923106,24.153846153846153,0,0.057511525910465794,Smart Alloys South West Limited.json,Smart Alloys South West Limited,1,2012
13,1926,148.15384615384616,13652.507692307692,12398.232307692304,1254.2753846153882,0.9081285714768657,8204.019494357774,3778.715619678513,0.6009166725450893,0.30477857858285684,23,5.0,2023-07-25,2024-07-25,A(-inflow),8693.267692307696,5.384615384615385,3,-0.27586335930548733,Smiths Trades Limited.json,Smiths Trades Limited,0,1926
4,100,25.0,1363.6325,1291.94,71.69249999999988,0.9474253510384947,1078.9930965343337,984.5623518345601,0.7912638460394086,0.7620805546964721,4,11.0,2023-12-11,2024-03-04,B(+inflow),224.7450000000004,2.25,0,-0.7953510457386426,Smithstrade Ltd.json,Smithstrade Ltd,0,100
8,245,30.625,43481.74625,41013.25875,2468.4874999999956,0.94322933844912,34416.116876523105,37332.92958153613,0.7915072379716835,0.9102648928509279,15,14.0,2025-01-20,2025-08-04,A(-inflow),4129.48625,0.0,0,2.2273757769089118,SN Star Services Ltd.json,Sn Star Services Ltd,0,245
13,1153,88.6923076923077,7567.330000000001,7291.704615384617,275.62538461538406,0.9635769307516147,5088.373281688363,4699.629836961164,0.6724132926261128,0.6445173090316237,27,3.0,2024-07-03,2025-07-03,A(-inflow),1627.3100000000045,7.538461538461538,0,0.6392298109283999,Solaire tanning co limited.json,Solaire Tanning Co Limited,0,1153
13,1269,97.61538461538461,1598.3946153846152,1570.38,28.014615384615126,0.9824732796801408,1050.9567767999667,1015.7909416122683,0.6575077059722697,0.646844038775499,19,15.0,2024-11-24,2025-11-17,A(-inflow),252.99692307692283,0.0,0,-0.22641317184579304,SOLICAL STADIUMS LTD.json,Solical Stadiums Ltd,0,1269
13,2073,159.46153846153845,10335.765384615383,9989.994615384614,345.77076923076856,0.9665461863380295,3738.4939433055847,3587.9181899463547,0.3617046057247267,0.35915116354727084,28,3.0,2023-10-28,2024-10-28,B(+inflow),1241.3561538461477,1.1538461538461537,0,0.34376990268767293,Something a bit different Ltd.json,Something A Bit Different Ltd,0,2073
10,518,51.8,33289.36,32782.989,506.3709999999992,0.9847888033894313,20371.03699299768,27116.635454164458,0.6119383788993744,0.8271556768104475,2,27.0,2023-10-04,2024-07-09,A(-inflow),21788.35899999998,0.2,0,-0.1976562150193618,South Coast Auto Ltd.json,South Coast Auto Ltd,0,518
2,99,49.5,34947.815,28334.855,6612.960000000003,0.8107761529583466,29328.415,20278.855,0.8392059703875621,0.7156858575771784,22,3.0,2024-02-01,2024-03-06,B(+inflow),14444.220000000005,0.0,0,-0.91257421289332,South Coast.json,South Coast,0,99
3,317,105.66666666666667,11036.713333333333,11036.413333333332,0.3000000000010914,0.999972817994729,7886.290000933407,7060.72922787882,0.714550587910538,0.6397666537690525,28,4.0,2024-08-02,2024-10-04,A(-inflow),813.6300000000007,0.0,0,-0.9082941435279898,Spencers Group Ltd.json,Spencers Group Ltd,0,317
13,1574,121.07692307692308,14782.387692307691,14644.99153846154,137.39615384615172,0.9907054153424992,7425.472895916258,7094.647898346001,0.502318911563945,0.4844419253991113,28,5.0,2023-07-24,2024-07-22,B(+inflow),1136.4346153846147,11.153846153846153,0,0.4317285302298242,Standout Aesthetics Limited.json,Standout Aesthetics Limited,0,1574
3,485,161.66666666666666,18206.603333333333,17852.916666666668,353.6866666666647,0.9805737149213812,3291.8202329342885,7288.12095520893,0.18080364429687446,0.40823138825358674,22,4.0,2024-05-07,2024-07-24,A(-inflow),2559.9099999999985,0.0,0,-0.16502935937001975,Star Marketing Solutions Ltd.json,Star Marketing Solutions Ltd,1,485
4,100,25.0,11789.535,11659.0075,130.52750000000015,0.9889285285636795,10093.752267213367,10643.834897966462,0.856162034144126,0.9129280428000808,13,9.0,2023-12-25,2024-03-22,B(+inflow),92.32500000000036,4.75,0,7.167601088646967,Stevnson Property Services Ltd.json,Stevnson Property Services Ltd,0,100
13,2308,177.53846153846155,34174.27461538462,33723.19923076923,451.07538461538934,0.9868007327238975,9647.979392243918,9175.650609538823,0.2823170206486425,0.2720871927585954,23,5.0,2023-10-25,2024-10-24,A(-inflow),1930.910769230772,2.230769230769231,13,0.33089259302615026,Stockport Jungle Ltd.json,Stockport Jungle Ltd,1,2308
7,3123,446.14285714285717,111576.96857142857,107078.4157142857,4498.552857142873,0.9596820659788492,61135.030678792245,63379.62761960883,0.5479180108720667,0.5918991908576878,31,18.0,2025-04-16,2025-10-20,B(+inflow),14952.522857142869,5.0,0,1.0006173262115252,Stormhold hospitality Ltd.json,Stormhold Hospitality Ltd,0,3123
13,1224,94.15384615384616,7307.547692307692,7259.0184615384605,48.52923076923162,0.9933590264733659,6527.246194211501,6513.581137750505,0.8932197871363087,0.8973087990149609,21,10.0,2023-07-25,2024-07-22,A(-inflow),216.37384615384684,0.6923076923076923,7,0.751744029627289,Suede Hosting Ltd.json,Suede Hosting Ltd,0,1224
13,604,46.46153846153846,2762.7992307692307,2754.387692307692,8.41153846153884,0.9969554289838147,3648.8544377262833,3354.8899978760137,1.3207092274708478,1.218016623892625,6,24.0,2023-07-23,2024-07-18,A(-inflow),502.9184615384639,2.076923076923077,0,-0.6502809965675577,T & L Hurley Ltd.json,T & L Hurley Ltd,0,604
5,91,18.2,621.364,511.91400000000004,109.44999999999999,0.823855260362686,469.50893710769765,333.02110705479316,0.7556101369047734,0.6505411202951924,8,23.0,2024-02-13,2024-06-09,B(+inflow),447.066,0.0,0,-0.32513774461543765,T44J Ltd.json,T44J Ltd,0,91
13,2179,167.6153846153846,28113.116923076923,26363.36846153846,1749.7484615384637,0.9377604245617402,8312.495640604418,6023.996736732754,0.29568032827341983,0.22849874990448082,24,5.0,2024-12-16,2025-12-15,A(-inflow),10600.364615384613,0.5384615384615384,2,-0.021969359420061743,TASTE OF BENGAL BROADWAY LTD.json,Taste Of Bengal Broadway Ltd,1,2179
13,806,62.0,3276.6030769230774,3206.037692307692,70.56538461538548,0.9784638593815731,1208.8810991184855,1369.2498455732493,0.3689434059415264,0.4270847622467187,16,7.0,2023-09-03,2024-09-03,B(+inflow),149.7930769230775,8.307692307692308,0,-0.1760195518737379,The Body Fix Coach Limited.json,The Body Fix Coach Limited,0,806
8,2109,263.625,37462.94,37171.56,291.38000000000466,0.9922221801065265,23141.27554690266,21838.72189456551,0.617711144584559,0.58751157859841,31,14.0,2023-11-06,2024-06-28,A(-inflow),2420.1875000000023,0.0,0,-0.15986084118729538,The Boot Country Pub Ltd.json,The Boot Country Pub Ltd,0,2109
13,3204,246.46153846153845,48790.56461538461,48555.31846153846,235.24615384615026,0.9951784498560204,27430.15857324747,24912.607069926802,0.5622021140660916,0.5130767928061377,26,5.0,2024-11-04,2025-11-03,A(-inflow),7576.773846153863,1.3076923076923077,5,0.15641496950714426,The CEO Lounge Ltd.json,The Ceo Lounge Ltd,0,3204
6,1364,227.33333333333334,19807.171666666665,19362.74,444.43166666666366,0.9775620833632399,10654.700018640311,9825.213599301544,0.5379213245559447,0.5074288865781157,26,6.0,2024-06-21,2024-11-13,A(-inflow),1613.7416666666657,0.0,0,1.1369920434247458,The Comfy Clothing Wardrobe Ltd.json,The Comfy Clothing Wardrobe Ltd,0,1364
13,3687,283.61538461538464,10074.219230769231,9989.66076923077,84.55846153846142,0.9916064501276488,3651.314500594718,3468.7571784662223,0.36244143758979097,0.34723473184899006,30,3.0,2023-06-28,2024-06-28,B(+inflow),476.6592307692316,3.8461538461538463,0,-0.05030293271111085,The Coven Ltd.json,The Coven Ltd,0,3687
6,519,86.5,8502.701666666666,8382.883333333335,119.81833333333088,0.9859082044706969,8784.3587126673,9410.566682057757,1.033125594316077,1.1225930634914107,29,7.0,2025-03-06,2025-08-15,A(-inflow),1976.894999999998,0.0,0,-0.8334741865839108,The Daisy Patch.json,The Daisy Patch,0,519
13,2135,164.23076923076923,122993.6176923077,121359.23153846152,1634.3861538461788,0.9867116181757096,55545.630149395496,51443.88215940054,0.45161392266998457,0.42389756022059843,22,5.0,2023-08-29,2024-08-28,A(-inflow),2456.962307692334,7.230769230769231,1,0.07345977885894155,The Fuel Agency (UK) Ltd.json,The Fuel Agency (Uk) Ltd,0,2135
13,2862,220.15384615384616,59399.371538461535,58897.92615384616,501.4453846153774,0.9915580691911751,14230.328654556975,11082.065577728965,0.23957035716013816,0.18815714408656276,31,3.0,2023-07-24,2024-07-24,B(+inflow),1839.4815384615572,4.3076923076923075,0,0.09002581126886916,The Gangway Sheringham Limited.json,The Gangway Sheringham Limited,1,2862
13,1284,98.76923076923077,4831.039230769231,4813.09923076923,17.94000000000051,0.9962865132856427,4571.653371679848,4626.979608462758,0.9463084759408832,0.9613306077056036,15,8.0,2023-07-08,2024-07-07,A(-inflow),349.0838461538472,2.3846153846153846,0,2.1365436977414576,The Gluten Free World Ltd.json,The Gluten Free World Ltd,0,1284
10,781,78.1,3002.702,2984.076,18.626000000000204,0.9937969202405034,908.1905373191245,896.7357561533943,0.30245776547893344,0.3005070099264879,17,12.0,2024-03-02,2024-12-22,B(+inflow),11.282000000000028,10.1,0,0.025379450644772664,The Nail Label Limited.json,The Nail Label Limited,0,781
2,90,45.0,6033.16,6006.78,26.38000000000011,0.9956274986905701,208.71000000000004,1311.1999999999998,0.03459381153491703,0.2182866693969148,17,8.0,2025-10-08,2025-11-19,A(-inflow),799.5250000000001,0.0,0,-0.06687418994628214,The spirits corner hull Ltd.json,The Spirits Corner Hull Ltd,1,90
5,193,38.6,13195.478000000003,9668.888,3526.590000000002,0.732742534980544,9186.029393853256,6187.84806812643,0.6961498017618803,0.63997515206779,16,13.0,2024-08-13,2024-12-16,A(-inflow),8165.943999999998,0.0,0,0.9956625479232161,Them Paint Guys Limited.json,Them Paint Guys Limited,0,193
10,396,39.6,10267.346000000001,10245.323,22.023000000001048,0.9978550445265991,13825.073064219374,7717.540740216472,1.3465089288136751,0.7532745175741625,8,40.0,2024-01-12,2024-10-01,A(-inflow),9337.980999999992,0.0,0,-0.5387333620538622,Thor Ltd.json,Thor Ltd,0,396
13,3838,295.2307692307692,67769.7023076923,67502.87615384615,266.826153846152,0.996062751572455,47257.667223098906,44495.01872372189,0.6973273544649295,0.6591573760844363,29,3.0,2024-07-29,2025-07-28,A(-inflow),8393.360769230789,1.1538461538461537,0,2.0317456900585342,Totes Luxe UK LTD.json,Totes Luxe Uk Ltd,0,3838
13,609,46.84615384615385,4219.752307692308,4218.796153846153,0.956153846154848,0.9997734099595343,1471.7388207525337,1427.8887728851155,0.3487737462859274,0.338458821145779,12,7.0,2023-06-21,2024-06-21,B(+inflow),5.839999999999088,11.923076923076923,4,0.038338880958590914,TradeDesk Team Ltd.json,Tradedesk Team Ltd,0,609
9,1241,137.88888888888889,4040.8966666666674,4012.997777777777,27.89888888889027,0.9930958667864417,1215.9571891860887,1271.1628363368518,0.3009127155407146,0.31676141047871853,25,3.0,2025-03-09,2025-11-18,B(+inflow),3.2988888888889583,8.11111111111111,0,0.00466548400302664,Trim fadeys limited.json,Trim Fadeys Limited,1,1241
13,2290,176.15384615384616,76437.7723076923,75999.2323076923,438.5399999999936,0.9942627841345939,25871.452245980483,25579.780228902295,0.3384642365274284,0.3365794555047528,15,5.0,2023-12-30,2024-12-30,A(-inflow),2656.516153846161,1.7692307692307692,0,0.25895571499768855,Ultimate 2020 Group TA Trade Glaze.json,Ultimate 2020 Group Ta Trade Glaze,1,2290
6,407,67.83333333333333,11890.693333333335,11890.480000000001,0.2133333333331393,0.9999820587978049,7939.593073597804,7891.370225250281,0.6677148969388219,0.6636712920967262,10,15.0,2024-04-16,2024-09-24,A(-inflow),56.935000000001416,1.3333333333333333,5,1.576906782741403,Vageman Fish Limited.json,Vageman Fish Limited,0,407
6,407,67.83333333333333,11890.693333333335,11890.480000000001,0.2133333333331393,0.9999820587978049,7939.593073597804,7891.370225250281,0.6677148969388219,0.6636712920967262,10,15.0,2024-04-16,2024-09-24,A(-inflow),56.935000000001416,1.3333333333333333,5,1.576906782741403,Vagemanfish Ltd.json,Vagemanfish Ltd,0,407
1,98,98.0,1739.9199999999998,626.0,1113.9199999999998,0.3597866568577866,0.0,0.0,0.0,0.0,15,2.0,2024-02-06,2024-02-22,B(+inflow),1113.9200000000003,0.0,0,0.0,Verve GB.json,Verve Gb,1,98
13,1260,96.92307692307692,40693.10307692307,39979.867692307686,713.2353846153856,0.982472818962291,20253.916636887556,21400.725165801185,0.4977235724344032,0.5352875434832614,20,8.0,2023-09-24,2024-09-24,B(+inflow),6999.947692307678,1.0769230769230769,4,-0.009091211641654592,Vision ET Consilium Ltd.json,Vision Et Consilium Ltd,0,1260
13,851,65.46153846153847,15625.31230769231,14851.188461538462,774.1238461538469,0.9504570640951127,16561.90297307703,15992.255003303148,1.0599406045102624,1.0768333487060524,21,19.0,2023-08-29,2024-08-28,A(-inflow),4910.553076923077,5.0,0,1.587145914055839,Voltanic Ltd.json,Voltanic Ltd,0,851
13,1106,85.07692307692308,9665.254615384616,9638.100769230768,27.153846153847553,0.9971905710470756,7674.999988606981,4985.698215644829,0.7940815109402645,0.5172905259054212,16,6.0,2023-09-05,2024-09-05,A(-inflow),1628.6284615384598,12.076923076923077,10,0.26590303573456153,We Design it Ltd.json,We Design It Ltd,0,1106
13,1630,125.38461538461539,2977.7623076923073,2968.358461538461,9.403846153846189,0.9968419755567617,940.9866718270844,858.7679773583168,0.31600462850788313,0.28930736920271705,21,5.0,2023-09-25,2024-09-21,A(-inflow),111.89692307692286,2.923076923076923,16,0.17993126593208236,We Style Any Dog Limited.json,We Style Any Dog Limited,1,1630
12,674,56.166666666666664,13328.339166666667,13255.530833333332,72.8083333333343,0.9945373288882516,6528.910749495225,7033.748444888707,0.48985178632185605,0.5306274439950097,15,20.0,2023-08-15,2024-07-26,A(-inflow),2512.3766666666684,1.5,0,0.6374462789992812,White Canvas Bridal Ltd Transactions.json,White Canvas Bridal Ltd Transactions,0,674
2,96,48.0,16727.47,13437.395,3290.0750000000007,0.803313053318882,3779.87,2487.005,0.2259678241838126,0.18508088807391612,19,4.0,2024-03-21,2024-04-21,A(-inflow),4288.68,2.0,0,0.5838719144860823,White Canvas Bridal Ltd.json,White Canvas Bridal Ltd,1,96
12,1367,113.91666666666667,37394.86583333333,37024.93333333333,369.9325000000026,0.9901073986560409,39627.97236216682,39125.644580600274,1.0597169284892294,1.0567377455714604,10,10.0,2024-08-06,2025-07-29,B(+inflow),3510.5974999999976,0.25,0,-0.8136740981277508,White Oak Design Studio LTD.json,White Oak Design Studio Ltd,0,1367
12,213,17.75,4106.175,4105.288333333333,0.8866666666672245,0.99978406505649,5613.756575372829,5597.147374183617,1.3671498597533784,1.3633993326941187,3,74.0,2023-09-25,2024-09-11,A(-inflow),-19.58333333333248,9.25,1,6.823052267803105,White Sea Technologies Limited.json,White Sea Technologies Limited,0,213
1,100,100.0,39183.6,38600.61,582.989999999998,0.9851215814779654,0.0,0.0,0.0,0.0,20,1.0,2024-03-07,2024-03-26,A(-inflow),582.9899999999984,4.0,0,0.0,Wild Bru and Lavers Ltd.json,Wild Bru And Lavers Ltd,1,100
13,1896,145.84615384615384,47788.05846153847,39638.39461538462,8149.663846153853,0.8294623362296044,43915.19728668598,20002.376003648864,0.9189575534237385,0.5046212440673734,31,3.0,2024-08-06,2025-08-06,B(+inflow),90378.69230769227,0.8461538461538461,0,-0.5270637152141763,WItham pizza ltd.json,Witham Pizza Ltd,1,1896
13,4546,349.6923076923077,68197.66461538462,62045.45923076923,6152.205384615394,0.9097886207788481,16050.562773856305,14158.184154676954,0.23535355447106437,0.22819049661664376,19,5.0,2025-01-13,2026-01-13,A(-inflow),41711.34076923078,0.0,0,0.36880990667763874,WMJ group limited.json,Wmj Group Limited,1,4546
13,3832,294.7692307692308,50244.74846153846,50177.340000000004,67.40846153845632,0.9986583978703754,23910.984331844018,22722.316346213815,0.47589021865931896,0.45284019332658554,26,3.0,2024-09-15,2025-09-15,A(-inflow),-47.026923076918436,18.23076923076923,0,-0.12723138370714954,Wyevalleycatering ltd.json,Wyevalleycatering Ltd,1,3832
13,795,61.15384615384615,2546.3623076923077,2514.827692307692,31.53461538461579,0.987615817556931,1366.8459380359748,1374.780024502683,0.5367837616457285,0.5466696699371629,15,13.0,2023-06-26,2024-06-17,B(+inflow),242.13769230769216,0.8461538461538461,0,0.5392746833422435,XTC Clothing.json,Xtc Clothing,0,795
3,96,32.0,1604.4633333333334,1589.71,14.75333333333333,0.9908048173948091,1257.4451591045852,951.1372837118031,0.7837169806131968,0.5983086749858798,11,15.0,2024-01-15,2024-03-06,B(+inflow),279.76666666666677,0.0,0,-0.9709197446765566,YLK GROUP LTD.json,Ylk Group Ltd,0,96
2,37,18.5,15267.375,15007.005000000001,260.369999999999,0.9829459877680349,9505.165,3463.005000000001,0.6225801750464635,0.23075923543705096,7,13.0,2025-01-11,2025-02-18,A(-inflow),3411.634999999999,0.0,0,-0.7673952691165299,Yoga Management Ltd.json,Yoga Management Ltd,0,37
7,233,33.285714285714285,1435.2685714285715,1432.8642857142856,2.404285714285834,0.99832485308872,1804.8245282450873,1809.3575164828706,1.2574820937162194,1.2627556807174536,15,29.0,2024-06-25,2024-12-04,A(-inflow),12.111428571428702,1.8571428571428572,0,1.2436354318133058,YS Traders Limited.json,Ys Traders Limited,0,233
7,313,44.714285714285715,2303.558571428571,2189.594285714286,113.96428571428532,0.9505268556537682,1863.8885194393893,1483.8110394603789,0.809134416010739,0.6776648300286975,22,17.0,2024-03-01,2024-09-24,B(+inflow),-10.051428571428394,25.142857142857142,0,1.0025867347054902,Zainobu Limited.json,Zainobu Limited,0,313
