Directors Score,Total Revenue,Total Debt,Debt-to-Income Ratio,Operating Margin,Debt Service Coverage Ratio,Cash Flow Volatility,Revenue Growth Rate,Average Month-End Balance,Average Negative Balance Days per Month,Number of Bounced Payments,Company Age (Months),Sector_Risk,outcome,company_name
74.0,35121.0,0,0.0,-0.116,50.0,0.9461369304432353,-0.09303471287559448,4214.189166666666,0.0,0,101.0,0,0,A&A Building Construction Ltd
33.02,66578.0,0,0.0,0.04,19.98,0.7543694053482198,1.4842767040350056,1259.6355555555563,0.0,8,42.0,0,0,Accounted Ltd
81.22,395692.0,0,0.0,-0.113,6.88,0.5861114099855486,-0.3687964611388178,629.5307692307712,10.461538461538462,0,146.0,0,0,Advanced Automotive Performance Ltd
73.67,71438.0,0,0.0,0.003,50.0,0.3883255857104457,0.08681442777084289,531.2161538461538,0.7692307692307693,1,37.0,0,0,Aesthetic Precision
69.09,71177.0,0,0.0,-0.083,50.0,0.38913816454376643,0.14502016169080112,3015.93,0.0,0,59.0,0,1,Akar Food Ltd
77.8,496670.0,0,0.0,-0.07,50.0,0.5033612292895215,0.01791437120243742,3423.546923076903,1.5384615384615385,0,33.0,0,0,Alex Sounthhampton
69.22,56.0,0,0.0,1.0,4.66,1.0,-1.0,0.3799999999999969,0.0,0,47.0,0,0,All In The Wrap Limited
81.67,24086.0,0,0.0,-1.0,26.66,0.7780683016478762,-0.35341908388802734,18119.894545454536,5.090909090909091,0,29.0,0,0,Anthony Healthcare Ltd
65.33,42162.0,0,0.0,0.041,6.42,0.6535330274554033,3.107638621032511,176.9000000000001,0.0,0,26.0,0,0,Apollo Supermarket
76.9,595829.0,0,0.0,0.075,11.08,0.41554440709983786,0.23241923679067694,7518.159999999996,0.0,4,21.0,0,0,Ashby Street Motors Ltd
85.45,324114.0,0,0.0,0.029,6.55,0.40828810028218215,0.03719629383541543,-635.1107692307776,16.46153846153846,10,176.0,0,0,Aurina Ltd
86.11,91857.0,0,0.0,-0.028,24.84,0.41795683810909956,-0.18425633371575123,-409.39461538461666,21.923076923076923,0,15.0,0,0,Auto Repairs Basingstoke Ltd
90.93,90459.0,0,0.0,0.112,8.09,0.20270496577083774,0.08352791599502912,460.15538461538563,5.3076923076923075,0,74.0,0,1,Ayaz Tyres & Wheels Ltd
88.46,615695.0,0,0.0,0.201,4.14,0.37304330686666554,-0.2630948901474807,-159.11230769229584,14.692307692307692,1,123.0,0,0,Baby Ultrasound Clinic Limited
79.72,416017.0,0,0.0,-0.011,21.99,0.5504035236142627,-0.20268057920617638,2262.665555555557,8.555555555555555,10,17.0,0,0,Baig Halal Butcher Ltd
71.16,143221.0,0,0.0,0.021,18.57,0.4081429955240192,0.5301700558858184,749.6953846153831,6.3076923076923075,0,32.0,0,1,Beddoes Removals And Stotage
72.77,158663.0,0,0.0,-0.129,3.35,0.4323985391206356,-0.33988990386506435,3945.1092307692275,1.1538461538461537,12,62.0,0,0,Bedew Skin Ltd
86.74,85090.0,0,0.0,-0.156,50.0,0.5541851282625384,0.532177271753543,865.2038461538475,4.923076923076923,1,24.0,0,0,Beforethefall
72.11,139303.0,0,0.0,-0.001,50.0,0.3925101613270834,-0.2270149346552343,839.9730769230769,0.46153846153846156,0,30.0,0,0,Besachkarma Limited
79.57,84152.0,0,0.0,-0.013,50.0,0.7251899463511297,-0.7774601637868616,2430.768461538473,0.0,0,108.0,0,0,Beyond Social Media (Uk) Ltd
81.21,122517.0,0,0.0,-0.042,50.0,0.1944281781830232,-0.05169813722837753,1453.9999999999968,0.0,25,12.0,0,1,Blackfen Food Ltd
86.89,13440.0,0,0.0,-1.0,1.13,0.5669177343327809,-0.11371050564984789,35489.76076923077,0.0,0,22.0,0,0,Blisshealth Concepts Limited
79.62,55289.0,0,0.0,0.056,50.0,1.0445596362897058,12.965956889995068,465.14333333333343,17.833333333333332,0,29.0,0,0,Blossom Salon Ltd
81.21,180498.0,0,0.0,0.023,12.99,0.3740795500216643,-0.07983330452858504,2456.9009090909135,0.09090909090909091,0,68.0,0,0,Boiler Solution Cover Uk
81.21,205965.0,0,0.0,0.017,10.63,0.36809658744602786,-0.10004420307258848,1758.8184615384662,0.7692307692307693,13,68.0,0,0,Boiler Solutions Cover Uk
39.83,164943.0,0,0.0,-0.039,13.3,0.9472090071595564,-0.4403032707148048,15071.66846153846,0.38461538461538464,0,116.0,0,0,Bottom Line Consultants Ltd
79.23,155142.0,0,0.0,-0.087,46.67,0.5941896883300027,0.1333760770806272,3110.5492307692334,0.0,0,27.0,0,0,Bramble And Willow Ltd
70.8,324953.0,0,0.0,-0.002,34.13,0.5225444484436037,1.3107439498784956,1030.891000000002,0.1,2,13.0,0,0,Brazilian Cleaning Essential Ltd
83.89,70884.0,0,0.0,0.075,8.84,0.1260170140154957,-0.13511649523304956,843.6849999999995,2.5,0,262.0,0,1,Brookhouse Hypnotherapy Ltd
66.93,78668.0,0,0.0,-0.172,50.0,0.5814632112082738,1.5206577959730447,1893.4550000000004,0.0,0,22.0,0,0,Btwbtw Ltd
67.56,134713.0,0,0.0,-0.029,50.0,0.37925771241424555,-0.0023919760980312234,545.2292307692321,2.230769230769231,0,33.0,0,0,Bulgarian Food Pirin Ltd
81.55,114758.0,0,0.0,-0.542,18.14,0.43279520650156056,-0.334724930149012,47918.82461538445,0.0,0,123.0,0,0,Bunker Publishing
92.54,44295.0,0,0.0,-0.218,6.63,0.597483526559767,-0.44521932914021567,1645.4970000000035,0.0,0,26.0,0,0,Cakes By Aleina Ltd
71.77,13833.0,0,0.0,0.362,14.21,0.4926050351076392,1.9021680874230622,1934.6774999999998,0.0,0,49.0,0,0,Canny Fast Car Solutions Ltd
82.21,31391.0,0,0.0,-0.067,12.56,0.36445110409527814,-0.4132214860064658,2545.222,2.4,0,30.0,0,0,Cds Wholesale Limited
68.44,89072.0,0,0.0,-0.075,41.38,1.0018926191766646,7.676375773047301,783.0584615384639,5.846153846153846,0,34.0,0,0,Cellor Shades
86.26,66278.0,0,0.0,-0.198,23.92,0.3723144057736934,0.1955000868615071,856.5069230769229,0.6153846153846154,0,73.0,0,0,Cetin Barber Beauty Ltd
72.27,247354.0,0,0.0,-1.0,3.78,0.7824426418004058,-0.6937211422909154,3903.9400000000023,2.1538461538461537,0,121.0,0,0,Champagne One Ltd
75.56,346957.0,0,0.0,0.396,1.79,0.3209323846108828,0.29864568283957305,7678.1507692307705,1.1538461538461537,3,22.0,0,0,Cheers&Chill Limited
72.16,213798.0,0,0.0,0.006,50.0,0.3673739672041101,-0.08789197492478931,8466.174999999997,0.0,0,15.0,0,0,Chilli Too Limited
86.98,117255.0,0,0.0,-0.01,6.36,0.47891267801652193,0.13381904833053687,731.6253846153847,0.38461538461538464,0,38.0,0,1,Class Barber Sw Ltd
76.93,359276.0,0,0.0,0.003,37.53,0.4227334716854433,0.37673188963860277,9280.431538461526,1.2307692307692308,0,41.0,0,0,Cleaner Than Ever Norbury Ltd
90.2,226389.0,0,0.0,-0.148,50.0,0.8590162572101689,0.46378169697433635,1003.9057142857133,0.0,0,27.0,0,0,Coreerp Solutions
83.8,78456.0,0,0.0,0.051,21.25,0.4443006051699546,-0.011484289968496708,402.54750000000035,0.125,0,28.0,0,0,Creative Plus Media Ltd
86.9,165051.0,0,0.0,-0.014,5.53,0.5558121990741333,1.2942154817906388,3427.5092307692294,1.4615384615384615,0,34.0,0,0,Cs Sport
86.9,12789.0,0,0.0,0.488,1.78,0.022579075357250233,-0.04416103536904853,175.32999999999961,7.5,0,34.0,0,1,Cs Sports
62.15,58292.0,0,0.0,-0.009,50.0,1.563763333480816,-0.3314306489115304,31.661000000001316,16.6,0,15.0,0,0,Custom Car Paint Ltd
85.09,21661.0,0,0.0,0.359,50.0,0.47661784828188736,-0.31080040956664073,1210.8649999999993,0.0,0,65.0,0,0,D&C Couriers Limited
75.91,4171.0,0,0.0,-1.0,1.18,0.5256681212303049,-0.6890989120312798,164.93500000000026,1.0,0,32.0,0,0,Data4Est Ltd
88.54,53649.0,0,0.0,-0.177,26.45,0.5380436419417725,-0.008325402514500008,2176.7900000000013,0.0,0,13.0,0,0,Davaro Limited
91.08,22177.0,0,0.0,0.013,50.0,0.33752812765305523,0.225920271204055,441.03153846153845,0.6923076923076923,9,78.0,0,0,Deli Ice Limited
58.22,103698.0,0,0.0,-0.04,16.58,0.49827894650892,-0.2189682614347965,-416.41000000000156,9.307692307692308,0,25.0,0,0,Deluxe Lounge
87.2,19033.0,0,0.0,-0.035,24.09,0.5878182000049471,-0.24212580006683282,632.7714285714288,9.0,0,12.0,0,0,Diva Hair Studio Ltd
71.97,104616.0,0,0.0,0.11,2.98,0.26497879015601705,0.019940965812351587,2955.6807692307493,4.230769230769231,0,139.0,0,0,Dlc Lighting Ltd
89.9,15502.0,0,0.0,-0.338,21.37,0.7463855613488415,1.264574035185409,844.2933333333337,2.4444444444444446,0,13.0,0,0,Dottie Dances Ltd
92.65,47741.0,0,0.0,-0.819,1.61,0.4294793875800989,0.9437070184442684,27538.760000000002,0.0,0,131.0,0,0,Drillskillz Consults Limited
76.53,4579.0,0,0.0,-0.798,50.0,0.774927046147385,-0.8731931239984465,2151.8449999999993,2.0,0,28.0,0,0,Dts Materials Ltd
75.64,90235.0,0,0.0,-0.062,50.0,0.4251294754856135,0.4680306629902261,921.4023076923075,4.3076923076923075,0,102.0,0,0,Due Auto Motive Ltd
69.48,51032.0,0,0.0,0.12,13.15,1.0611832974438642,8.501958954489256,1103.627142857143,2.7142857142857144,0,13.0,0,0,Dybo Travel Limited
72.86,29214.0,0,0.0,0.097,5.04,0.6202332499725323,-0.6346953906572713,1751.793750000001,1.25,0,30.0,0,0,Elar One Ltd
69.4,85919.0,0,0.0,-0.032,50.0,0.6622939614274972,1.9943676405525026,-444.2307692307696,13.153846153846153,0,26.0,0,0,Ellevate Limited
92.64,61465.0,0,0.0,-0.9,12.66,0.9344681019709972,0.7609477910971891,6066.451428571422,0.0,0,23.0,0,0,Elm Pub Group Ltd Ta As The Bull Inn
85.23,2132.0,0,0.0,-1.0,8.0,0.9791507733924939,-0.9894655693301385,327.6699999999999,1.0,0,181.0,0,0,Elpromotions Limited
88.02,207714.0,0,0.0,0.177,5.37,0.36611585810224506,-0.1460532001566953,-91.91615384615608,18.46153846153846,0,86.0,0,0,Els Management Ltd
76.71,1156.0,0,0.0,-1.0,4.93,0.5,0.0,2401.7200000000007,0.0,0,59.0,0,1,Elsco Private Limited
90.31,296177.0,0,0.0,0.014,19.51,0.5184252150659817,0.23987486226549573,2374.742307692309,0.0,4,20.0,0,0,Emp Motors Ltd
75.94,26807.0,0,0.0,0.041,50.0,0.828109685279256,-0.2619433561417064,797.726363636364,0.0,0,37.0,0,0,Erfan Carpet
81.87,93152.0,0,0.0,0.034,17.63,0.6959872041069576,-0.026856834051067327,989.4576923076943,5.846153846153846,0,29.0,0,0,Faith & Love Nursery Ltd
88.61,81300.0,0,0.0,0.047,21.72,0.8055819863060738,2.863390698667081,1225.8099999999974,0.6923076923076923,0,16.0,0,0,Farm To Fridge Ltd
84.07,6955.0,0,0.0,-0.167,2.99,0.8062219351839411,-0.45244972602802447,178.0969230769231,3.769230769230769,0,30.0,0,0,Flight Training Essex Ltd
76.78,52044.0,0,0.0,-0.148,50.0,1.5435423536660757,-0.8493093443829267,12033.428000000018,0.0,0,18.0,0,0,Foolgood Salons Ltd
87.68,64268.0,0,0.0,-0.053,13.8,0.3596591555615675,0.10230217933962994,2352.990000000006,0.3076923076923077,0,103.0,0,0,Forty3 Media
77.64,428128.0,0,0.0,0.034,50.0,0.37354818171786824,0.27266176186909086,749.2692307692331,10.846153846153847,0,36.0,0,0,Four Paws Walking And Training Ltd
79.23,10157.0,0,0.0,0.253,10.0,0.8508139141117823,11.406075962731279,1335.745,2.5,0,93.0,0,0,Four The Willows Ltd
82.66,6956.0,0,0.0,-1.0,9.13,0.7916852541463233,-0.8837325108460908,976.3650000000009,0.0,0,128.0,0,0,French Sole Ltd
62.58,221934.0,0,0.0,0.04449875957347466,50.0,0.8503927545077263,2.5922618660670955,7091.809999999997,0.38461538461538464,0,25.0,0,0,Fs Fashionista Ltd
60.81,548010.0,0,0.0,0.002,10.83,0.5620648982977904,0.7728613879371982,21058.059999999994,3.769230769230769,0,34.0,0,0,Ft Fitness Ltd
77.97,82097.0,0,0.0,0.208,4.73,2.3842396160717767,-0.87354691136914,3701.931538461523,0.0,2,23.0,0,0,Furfamilyfair Ltd
91.7,75177.0,0,0.0,-0.719,1.76,0.13366317842202144,0.06852213919881163,139.91750000000002,15.333333333333334,0,85.0,0,0,Fusionprint Uk Ltd
90.5,114705.0,0,0.0,-0.313,28.69,0.47637555317284114,0.2912386150578018,740.9841666666653,13.5,1,40.0,0,0,Future Analytics Ltd
81.34,153997.0,0,0.0,0.097,10.68,0.7765808507621081,1.044217287837787,1013.7938461538425,7.538461538461538,0,49.0,0,0,Fylde Conservation Ltd
87.39,18169.0,0,0.0,-0.405,16.78,0.8261639812164872,0.2965024756471665,-118.60181818181799,14.909090909090908,13,24.0,0,0,Gas Records
83.64,444913.0,0,0.0,0.027,10.55,0.5236302211155728,1.2771022078338767,403.00307692307587,8.307692307692308,0,73.0,0,0,Gc Bike Repairs Ltd
88.04,402811.0,0,0.0,-0.107,33.89,0.24581350689085774,0.2715865471870269,3198.4111111111106,0.1111111111111111,17,12.0,0,1,Gc Couture Ltd
48.69,45786.0,0,0.0,-0.232,50.0,0.5437059465530054,1.0218891227832392,-463.3192307692312,22.692307692307693,0,30.0,0,0,Gem Drycleaning & Tailoring Services Ltd
87.98,122472.0,0,0.0,-0.168,24.69,0.9039129568558469,0.7037731109473074,379.48000000000053,0.09090909090909091,0,31.0,0,0,Get Outside Events Limited
83.49,199123.0,0,0.0,0.027,6.76,0.6742345716198249,-0.16388841681068228,-4459.850769230782,21.076923076923077,0,151.0,0,0,Go Commercial Finance Ltd
81.57,1339581.0,0,0.0,-0.012,7.25,0.26703699780419987,0.3570524013181415,64959.87615384623,0.07692307692307693,0,88.0,0,1,Golden Triangle Financial Services Ltd
92.62,39560.0,0,0.0,0.5,2.26,0.5,0.0,9031.910000000002,4.0,0,294.0,0,1,Gozone Care Ltd
68.32,160107.0,0,0.0,-0.181,14.59,0.37579844942558066,-0.037053891137365375,-850.59384615385,15.307692307692308,1,34.0,0,0,Grazka Limited
54.48,23263.0,0,0.0,0.012,50.0,0.5806349128569487,0.05492315746242493,648.0616666666666,0.0,0,19.0,0,0,Green Future Search Lab
74.69,82692.0,0,0.0,-0.166,39.1,0.5005809413684635,1.274828351068991,-174.03428571428532,25.714285714285715,2,15.0,0,0,Greenlight Digital
42.8,73999.0,0,0.0,0.0,10.0,0.38052473451804564,-0.020295035127051223,100.03999999999998,0.0,0,30.0,0,0,Greensec Limited
88.55,73999.0,0,0.0,0.0,10.0,0.38052473451804564,-0.020295035127051223,100.03999999999998,0.0,0,83.0,0,0,Gwynne And Hhyde Plumbing And Heating Ltd
78.08,42247.0,0,0.0,-0.08,46.38,0.5138515780163514,-0.37643339165016665,208.07222222222177,7.444444444444445,0,58.0,0,0,Habitat Music Studios Ltd
84.45,167414.0,0,0.0,0.068,2.82,0.30948637310515364,-0.06153490237257857,4226.769999999998,1.4615384615384615,0,94.0,0,1,Hair And Beauty Palace Ventures Limited
79.49,183496.0,0,0.0,0.232,3.23,0.36620326062626607,0.01181688709204367,160.36076923076487,9.615384615384615,1,213.0,0,0,Hans Lec Design
81.95,49089.0,0,0.0,-0.031,50.0,0.3019151739050096,0.2525729542723232,82.3700000000022,1.6923076923076923,0,24.0,0,1,Hardman Fitness Ltd
80.27,57975.0,0,0.0,0.012,50.0,0.6931137701046002,1.08925644506813,1019.2639999999999,7.2,13,51.0,0,0,Harley Street Hair Transplants
54.98,17594.0,0,0.0,0.018,50.0,1.5658638094185873,7.813940375167484,124.33375000000021,1.0,0,28.0,0,0,Hashmis And Bukharis Ltd
78.95,272689.0,0,0.0,-0.057,50.0,0.30554930571547834,0.16724747835371256,4599.519230769232,0.15384615384615385,9,25.0,0,1,Haus Of Sass Limited By Stephanie Limited
68.87,34027.0,0,0.0,0.091,15.65,0.46633500593944643,-0.6360552043708136,4751.150000000001,0.5,0,9.0,0,0,Havelock Group Ltd Ta New Longcar
83.82,617302.0,0,0.0,-0.05,1.62,0.454048620692977,0.016790538811637536,18886.760000000017,3.6153846153846154,177,91.0,0,0,Heart Of The Home Interiors
82.21,10062.0,0,0.0,-0.017,28.75,0.9716911959241369,-0.9856423743563989,445.98999999999967,2.0,0,40.0,0,0,Hemming Logistics Ltd
50.0,54797.0,0,0.0,0.079,10.0,0.2173070943592801,0.03932443306194136,1326.7599999999995,8.153846153846153,0,85.0,0,1,Herne Hill Dry Cleaners Limited
47.04,10062.0,0,0.0,-0.017,28.75,0.9716911959241369,-0.9856423743563989,445.98999999999967,2.0,0,33.0,0,0,Hewitt And Hyland Leisure Ltd
74.77,56260.0,0,0.0,-0.072,12.73,0.46526839855209884,-0.36602052626841336,241.10769230769296,8.153846153846153,0,42.0,0,0,Hidden Pretty Gifts Ltd
84.07,88654.0,0,0.0,-0.011,50.0,0.37152100445544606,-0.06772938832841865,-306.17692307692346,16.615384615384617,0,44.0,0,1,House Of Mystery(1)
84.07,88654.0,0,0.0,-0.011,50.0,0.37152100445544606,-0.06772938832841865,-306.17692307692346,16.615384615384617,0,44.0,0,1,House Of Mystery
80.09,990224.0,0,0.0,0.008,31.0,0.23807550358778656,0.03532771315690395,-4384.9423076923085,23.692307692307693,0,22.0,0,1,Hsids
79.16,1367755.0,0,0.0,0.006,12.96,0.37798152332896895,0.25195237109352553,-19021.67692307684,21.615384615384617,0,77.0,0,0,Hursley Childcare Ltd
77.2,53597.0,0,0.0,-0.088,50.0,1.5816390948522705,3.331520905295577,688.818181818182,0.0,2,32.0,0,0,Hussains Leicester Ltd(1)
77.2,53597.0,0,0.0,-0.088,50.0,1.5816390948522705,3.331520905295577,688.818181818182,0.0,2,32.0,0,0,Hussains Leicester Ltd
82.01,312389.0,0,0.0,-0.102,2.28,0.6805734050114581,-0.45728148598188,-7730.010000000014,17.153846153846153,0,96.0,0,0,Ibbmedialtd
80.65,90669.0,0,0.0,0.036,5.81,0.5513805614073031,0.235485341284838,296.185555555555,0.0,0,11.0,0,0,Ings Pet Store & Grooming Ltd
82.98,2653.0,0,0.0,-0.562,1.45,0.4344689773393099,-0.6057558360657951,2058.75,0.0,0,45.0,0,1,Ivy Aesthetic Clinic Academy Ltd
68.04,11348.0,0,0.0,0.001,10.0,0.5197529463972455,1.0045951035781544,886.116,0.0,1,28.0,0,0,Jay Heath Ltd
43.53,3643.0,0,0.0,0.058,50.0,0.5,0.0,74.68,4.0,0,28.0,0,1,Jb Bars Ltd
74.14,5478.0,0,0.0,0.511,5.07,0.701106146221323,-0.9942383293235064,-16.65000000000009,14.666666666666666,0,133.0,0,0,Jemark Ltd
64.89,110383.0,0,0.0,0.074,31.47,0.4782281348148099,0.4076277664539051,3024.6124999999993,0.0,0,15.0,0,0,Joao Motorcyles Ltd
60.74,82293.0,0,0.0,-0.063,50.0,0.48091936438403216,0.30024976644812545,1770.2746153846124,1.9230769230769231,0,22.0,0,0,Journeyman Barbers Ltd
81.34,307769.0,0,0.0,-0.196,50.0,0.35031667570334807,0.057958979763065174,-252.73230769230577,14.23076923076923,35,41.0,0,1,Kahras Keighley Ltd
74.46,2394.0,0,0.0,-0.233,11.15,0.5,0.0,405.12999999999994,8.0,0,57.0,0,1,Kam Marketing Group Limited
47.46,5931.0,0,0.0,-0.001,10.0,0.9218796323747406,-0.9593521018125722,23.615000000000123,8.5,0,37.0,0,0,Ketco Direct Limited
85.97,35308.0,0,0.0,0.11,50.0,0.561712555251178,2.5632153600616587,458.15000000000094,1.5,0,34.0,0,0,Kids Tech Company Ltd
50.0,1183.0,0,0.0,0.489,2.04,0.5,0.0,130.17,0.0,0,24.0,0,1,Krafty Designs 4 You Limited
77.16,11340.0,0,0.0,-0.211,5.74,0.5,0.0,4141.619999999998,2.0,0,59.0,0,1,Kurkland Ltd
67.28,102534.0,0,0.0,-0.086,15.39,0.9665809995633745,2.055189841981618,-2793.156923076917,24.692307692307693,0,82.0,0,0,Lime Service Group Ltd
68.86,29564.0,0,0.0,-0.021,41.45,1.3305281351195635,2.545820033152247,794.9124999999989,17.0,0,21.0,0,0,Ljr Group Services Limited
89.58,158803.0,0,0.0,-0.355,31.52,1.2808563400505404,1.724032154868897,20715.758461538462,10.461538461538462,0,15.0,0,0,London Kizomba Festival
86.11,76725.0,0,0.0,0.031,34.0,0.4904941100210786,0.4518590437701025,969.242,0.0,0,150.0,0,0,London Recruiting
74.52,8808.0,0,0.0,0.133,10.0,0.5679016839189845,-0.2720384411446879,1144.4357142857148,0.0,0,20.0,0,0,London21 Ltd
71.27,45388.0,0,0.0,0.001,50.0,0.4398102974283788,-0.21892891141442886,-718.3684615384644,17.692307692307693,0,79.0,0,0,Lopez Plant Hire Ltd
86.68,9062.0,0,0.0,-1.0,19.72,0.34279222979348484,-0.5105662993688974,13136.885000000004,0.0,0,54.0,0,0,Lumi Skn Ltd
50.0,32295.0,0,0.0,0.004,50.0,1.4829168457781539,-0.886234020851086,120.20249999999984,7.75,2,24.0,0,0,Madinska & Co Ltd
93.29,1370.0,0,0.0,0.579,3.04,1.0,0.0,44.58499999999995,12.0,0,112.0,0,0,Maj Trade Ltd
67.63,23097.0,0,0.0,-0.07,14.86,0.5,0.0,2683.209999999998,3.0,1,113.0,0,1,Manzil Property Management
55.36,20730.0,0,0.0,0.019409059619363508,10.0,1.1558564404600673,0.7106631814053952,399.44818181818204,0.6363636363636364,0,13.0,0,0,Mar Carpio Ltd
71.7,3245101.0,0,0.0,-0.681,8.57,0.2717852067015499,0.3776755790836906,-26953.99923076931,24.153846153846153,0,96.0,0,1,Marvel Heating & Renewable Energy Ltd
42.56,628.0,0,0.0,-1.0,3.49,0.5,0.0,231.6199999999999,4.0,0,119.0,0,1,Marvellous Glow Ltd
62.53,13340.0,0,0.0,0.109,50.0,0.4376721853435836,-0.6088622841916999,738.7449999999995,2.0,0,30.0,0,0,Master Brewer Ltd
69.93,112871.0,0,0.0,0.082,3.71,0.5717096781262239,0.08884405109786975,1128.66307692308,9.615384615384615,0,32.0,0,0,Mc Building & Interiors Ltd
79.48,1986.0,0,0.0,-0.129,1.51,0.5,0.0,696.92,0.0,0,40.0,0,1,Mecn Marketing Ltd
75.91,1863.0,0,0.0,0.154,23.29,0.4923144534231693,-0.41083098206971874,10.333333333333337,4.0,0,27.0,0,0,Meli'S Landscaping Ltd
69.78,41533.0,0,0.0,0.399,2.6,0.4988071183651452,0.21237257079605998,1815.28625,0.0,0,40.0,0,0,Mens Hair London
78.48,7899.0,0,0.0,-0.035,10.0,0.5,0.0,662.2600000000006,2.0,0,48.0,0,1,Mh Home Renovations Ltd
79.69,22315.0,0,0.0,0.156,3.65,0.6967238432351559,1.8656414132098031,-56.2192307692308,14.0,0,43.0,0,0,Mikaiel Limited
67.03,83783.0,0,0.0,0.008667075489419463,50.0,1.5154984383906966,17.727171841545953,-152.591666666667,18.75,0,25.0,0,0,Milton Fire Safety
82.03,89422.0,0,0.0,-0.173,8.99,0.43402214859686206,0.35245007493318026,6441.230769230757,1.3076923076923077,0,79.0,0,0,Momokakkoii Ltd
52.55,1318.0,0,0.0,0.134,5.2,0.18237651740145902,0.44611369727747213,189.17999999999995,0.0,0,45.0,0,1,Moonlight Smc Ltd
94.28,220524.0,0,0.0,-0.044,50.0,0.301788604240795,-0.2031351376349361,8190.127692307664,0.9230769230769231,0,106.0,0,1,Moviescape Ltd
86.46,170561.0,0,0.0,-0.048,6.39,0.44284431513986605,-0.07281290175150347,2384.733076923071,2.6153846153846154,0,32.0,0,0,Moving Ewe Ltd(1)
86.46,170561.0,0,0.0,-0.048,6.39,0.44284431513986605,-0.07281290175150347,2384.733076923071,2.6153846153846154,0,32.0,0,0,Moving Ewe Ltd
74.04,3702.0,0,0.0,0.121,6.83,0.5635210257258259,-0.7689773410159426,-145.30999999999992,6.666666666666667,0,29.0,0,0,Mr Eats Group Ltd
81.34,1439.0,0,0.0,0.12,10.0,0.5,0.0,153.92,7.0,0,58.0,0,1,Msfmart Uk Ltd
74.97,42796.0,0,0.0,0.008,18.64,0.8421827336022077,0.5196328780477277,-1851.577999999993,13.0,3,10.0,0,0,Mundy Grooming Ltd
70.4,127357.0,0,0.0,0.135,6.19,0.36041158125182404,0.2236444047591284,308.2938461538452,3.3076923076923075,0,108.0,0,0,Muscle Makers Gym Limited
86.03,9897.0,0,0.0,0.076,15.2,0.8882254521072293,1.2189651241395036,863.3185714285713,0.0,0,16.0,0,0,Mym Suppliers Ltd
89.34,182643.0,0,0.0,-0.286,8.05,0.4074638430646299,-0.08915358554272157,22772.293076923124,2.4615384615384617,2,7.0,0,0,Nadia Miah Hair And Skin Ltd
63.61,7934.0,0,0.0,-0.002,10.0,0.8243337365050815,-0.16862989742119305,-17.873636363636372,24.545454545454547,0,112.0,0,0,Noble Executive Limited
87.16,55869.0,0,0.0,-0.282,50.0,0.33442371679394917,0.34779166985573917,7682.313076923069,0.38461538461538464,0,10.0,0,0,Noble Parking Ltd
80.1,130485.0,0,0.0,0.005,50.0,0.5181529557525553,-0.14408642582361958,806.7969230769218,0.7692307692307693,0,24.0,0,0,Om Clinic Limited
82.66,37706033.0,0,0.0,0.393,2.47,0.34523148650879726,-0.11834652344981117,50727.02230769218,3.769230769230769,0,216.0,0,0,Optimum Vehicles Limited
81.79,1496.0,0,0.0,0.033,10.0,0.39705882352941174,-0.5684210526315789,3.3950000000000067,0.0,0,25.0,0,0,Oxford Driveways And Roofing Limited
84.73,53006.0,0,0.0,0.037,50.0,0.26008350013866377,0.7030077047542652,1612.3149999999996,2.0,0,156.0,0,0,Pak Euro Cash And Carry
79.65,209115.0,0,0.0,0.024,11.04,0.7246802569511861,0.050770753972513495,-2228.2838461538454,16.53846153846154,0,18.0,0,0,Pamzo Mart Limited
68.25,285154.0,0,0.0,0.04,8.11,0.34413509227033534,-0.25479769061918983,213.21923076923247,7.846153846153846,3,132.0,0,1,Party2Perfection Ltd
81.22,54894.0,0,0.0,-0.066,50.0,0.44991981452183594,0.6187258830230397,18.589999999999744,1.625,0,20.0,0,0,Patina House Limited
58.72,11553.0,0,0.0,-0.245,24.44,0.898496047198391,0.5044169472378651,176.76076923076937,3.3846153846153846,0,3.0,0,0,Peak Platform Websites Ltd
92.9,23710.0,0,0.0,3.500656267593072e-05,10.0,1.1479088809929523,183.66056982061204,143.42799999999988,0.0,0,22.0,0,0,Peekzoon Ltd
93.05,11073.0,0,0.0,-0.175,8.38,0.5,0.0,56.09,2.0,0,105.0,0,1,Pemienterprize Ltd
72.97,230987.0,0,0.0,-0.045,8.11,0.8636872126167991,0.5568203954036588,3256.251250000001,1.125,4,14.0,0,0,Peter G Ltd
85.69,1867.0,0,0.0,-0.212,3.14,0.5242081978516603,2.203519251423443,102.58000000000006,4.5,0,103.0,0,0,Phoenix Group Services Ltd
60.28,53565.0,0,0.0,-0.17,10.85,0.4135969883434319,0.10768084138768853,902.1692307692308,9.153846153846153,0,55.0,0,0,Phone Expert Services Ltd
60.28,54524.0,0,0.0,-0.146,7.53,0.35560768139856197,-0.05862035016969498,1008.6415384615393,7.461538461538462,0,55.0,0,1,Phone Expert Services
81.21,141407.0,0,0.0,0.118,4.73,0.30576648729209144,-0.022938619505280505,1374.5446153846167,12.384615384615385,13,34.0,0,1,Pj Photography Liverpool Limited
84.69,60.0,0,0.0,-1.0,1.01,0.19253225186169282,-0.3228965112870126,644.8700000000001,0.0,0,25.0,0,0,Platform 10 Ltd
42.29,10942.0,0,0.0,0.01380328288367338,10.0,0.1202602909994882,0.2733997107760842,1645.3300000000002,2.0,0,30.0,0,1,Plh Services Ltd
63.66,129932.0,0,0.0,0.037,12.0,0.35946012297387125,0.5681312871490727,2845.2084615384406,10.307692307692308,7,37.0,0,1,Plumbsussex Ltd
54.36,4907.0,0,0.0,0.054,50.0,0.7411054022822181,-0.8513044658994072,100.37999999999997,5.5,0,33.0,0,0,Porkies Ltd
93.1,48984.0,0,0.0,-0.011,10.0,0.3964545714131677,0.4668225196877568,-147.59000000000003,5.777777777777778,0,22.0,0,0,Post Production Sorted Ltd
79.72,465630.0,0,0.0,0.005,18.06,0.4908334888291722,-0.2242994501271079,2422.0820000000044,7.7,9,54.0,0,0,Premium Halal Butcher Uk Ltd
65.12,37223.0,0,0.0,0.091,11.51,0.5,0.0,141.24999999999505,2.0,0,83.0,0,1,Prudent Healthcare Services Ltd
92.16,22107.0,0,0.0,0.047,3.19,0.09836204337954581,0.21818523201536302,5671.985000000001,0.0,0,67.0,0,0,Ps & Sons Ltd
79.23,107939.0,0,0.0,0.223,6.76,0.5,0.0,8101.6499999999905,8.0,0,81.0,0,1,Punchard Group Ltd
73.41,129478.0,0,0.0,0.192,2.38,0.8273568860237535,0.2916331709652253,315.65153846153896,11.0,0,38.0,0,0,Quantome Commerce Ltd
73.41,136704.0,0,0.0,0.154,2.79,0.7511009485451293,1.082605758282294,995.677692307691,6.3076923076923075,0,38.0,0,0,Quantome Commerce
84.25,420959.0,0,0.0,0.016,11.41,0.7514875734076104,-0.014365819717615412,8813.342307692306,3.5384615384615383,1,29.0,0,0,Quest Makkah Tours Limited
69.94,39609.0,0,0.0,-0.016,50.0,0.2390173663898959,-0.3858176210819656,-2324.4749999999963,3.0,0,53.0,0,0,R W Waste Ltd
84.01,276190.0,0,0.0,0.056,14.22,0.5880178344301197,0.4498643604633995,-4438.505384615388,21.846153846153847,0,46.0,0,0,R&K Brickwork Ltd
88.15,22299.0,0,0.0,-0.759,50.0,0.47980193938342824,-0.4146683085222764,10255.857500000002,0.0,0,22.0,0,0,Ratz Vintage Clothing Ltd
53.2,43816.0,0,0.0,0.044,22.48,0.44196546752867155,0.37930383308682947,371.1453846153836,0.0,0,172.0,0,0,Rb Allsort Limited
68.1,54256.0,0,0.0,-0.007,10.0,0.6979445769317013,0.28491781963839735,981.2799999999996,0.3333333333333333,0,8.0,0,0,Rb Market Limited
84.81,194658.0,0,0.0,0.162,2.15,0.46510405557739876,-0.35933585761452275,19459.945384615414,0.0,0,90.0,0,0,Recognised London Limited
82.37,3301.0,0,0.0,-0.301,10.0,0.43777238791829304,-0.6089592366593302,774.4000000000001,0.0,1,42.0,0,0,Retail 24 Ltd
90.47,33391.0,0,0.0,0.368,4.98,0.05840904670920428,-0.11037140487566532,6151.460000000004,0.5,0,139.0,0,1,Richer Education
69.22,114669.0,0,0.0,0.002,50.0,0.5384233833019834,1.2648405703278802,3476.267692307696,0.0,0,19.0,0,0,Rizpicks Travels Ltd
84.07,33415.0,0,0.0,0.159,12.23,0.33035771157056815,0.04457896381506067,2073.1200000000013,0.0,0,27.0,0,0,Rj Elite Property Management
71.78,115204.0,0,0.0,-0.914,10.08,0.9158704490528966,1.6964900359374202,2648.1161538461524,0.07692307692307693,0,32.0,0,0,Rlk Technologies Limited
88.14,97569.0,0,0.0,0.344,1.57,0.5927601278988548,0.6534664253934361,1015.0236363636354,4.363636363636363,0,25.0,0,0,Rockaway Toys Ltd
48.06,20.0,0,0.0,0.0,10.0,0.9400898652021966,31.383333333333333,0.15000000000000122,0.0,0,41.0,0,0,Rosethorn Studio Ltd
81.31,16576.0,0,0.0,0.077,50.0,0.5577227159500256,-0.7160744466769634,1158.59,4.5,2,28.0,0,0,Rothwell Local Store Ltd
62.81,694433.0,0,0.0,-0.064,21.44,0.34496381055599223,0.3364052075254265,-1056.483846153847,16.846153846153847,0,28.0,0,0,Rowley Dunleavy Services Limited
94.94,208928.0,0,0.0,0.023,5.46,0.4606876220440586,0.18277036965760815,-2209.646153846157,20.076923076923077,0,50.0,0,0,Saffron Private Limited
70.09,347928.0,0,0.0,0.136,7.29,0.5474751167518119,0.25070900868012286,1608.5022222222224,0.0,0,91.0,0,0,Sag Hussain Retail Ltd
89.34,27202.0,0,0.0,-0.492,15.79,0.9675157868883368,8.152543647290024,77.02555555555588,0.0,2,51.0,0,0,Sanitaire Limited
71.13,3976.0,0,0.0,0.1,10.0,0.5,0.0,448.77,3.0,0,40.0,0,1,Scrandiggity Ltd
56.64,79230.0,0,0.0,0.001,10.0,0.33081558443236797,0.48233665989513375,490.6515384615385,0.6153846153846154,3,57.0,0,1,Scs Facilities Services Ltd
50.0,89601.0,0,0.0,-0.088,50.0,0.9083170082315111,-0.9519560998654757,7252.664999999999,0.0,0,40.0,0,0,Sercasa Ltd
63.01,119507.0,0,0.0,-0.152,32.6,0.3345969864805419,0.17761852241422507,-2750.7107692307713,21.23076923076923,0,19.0,0,1,Sf Elections Hub Limited
90.93,83158.0,0,0.0,0.154,4.95,0.8488849465941981,-0.4185285446870692,6259.554999999981,0.0,0,86.0,0,0,Shakespeares Shepherd Huts Ltd
81.59,114464.0,0,0.0,-0.408,3.9,0.30870004649125155,-0.24796447046970174,-1341.2830769230786,21.846153846153847,0,61.0,0,0,Shivay Traders Ltd
80.21,25178.0,0,0.0,0.007,50.0,0.7244382561022195,0.630703401080953,717.3185714285715,0.0,0,30.0,0,0,Shreeji Mobile Repair Limited
77.97,504712.0,0,0.0,-0.084,15.09,0.30336078589381743,-0.028782698632103268,200.9223076923042,11.615384615384615,0,53.0,0,1,Silk Route Import & Export Ltd
73.02,20381.0,0,0.0,-1.0,4.31,0.7918143806269642,1.3894304348737614,1427.2128571428573,0.0,0,23.0,0,0,Simpli Print Group Ltd
79.23,5807.0,0,0.0,-1.0,50.0,0.2220163249617786,0.3411713633541674,526.7128571428567,0.0,0,13.0,0,0,Sld Personnel Ltd
87.39,191141.0,0,0.0,0.035,19.72,0.21383712356165932,0.057511525910465794,-694.3823076923106,24.153846153846153,0,36.0,0,1,Smart Alloys South West Limited
68.41,136275.0,0,0.0,0.245,2.41,0.6009166725450893,-0.27586335930548733,8693.267692307696,5.384615384615385,3,82.0,0,0,Smiths Trades Limited
68.41,5168.0,0,0.0,-0.055,10.0,0.7912638460394086,-0.7953510457386426,224.7450000000004,2.25,0,82.0,0,0,Smithstrade Ltd
89.99,246004.0,0,0.0,-0.235,13.79,0.7915072379716835,2.2273757769089118,4129.48625,0.0,0,26.0,0,0,Sn Star Services Ltd
73.75,97365.0,0,0.0,0.056,13.86,0.6724132926261128,0.6392298109283999,1627.3100000000045,7.538461538461538,0,25.0,0,0,Solaire Tanning Co Limited
85.16,19836.0,0,0.0,-0.046,50.0,0.6575077059722697,-0.22641317184579304,252.99692307692283,0.0,0,31.0,0,0,Solical Stadiums Ltd
84.86,118630.0,0,0.0,0.354,2.02,0.3617046057247267,0.34376990268767293,1241.3561538461477,1.1538461538461537,0,73.0,0,0,Something A Bit Different Ltd
87.32,284412.0,0,0.0,-0.14,32.95,0.6119383788993744,-0.1976562150193618,21788.35899999998,0.2,0,30.0,0,0,South Coast Auto Ltd
87.32,56670.0,0,0.0,-0.23,50.0,0.8392059703875621,-0.91257421289332,14444.220000000005,0.0,0,30.0,0,0,South Coast
71.47,26274.0,0,0.0,-0.227,27.24,0.714550587910538,-0.9082941435279898,813.6300000000007,0.0,0,50.0,0,0,Spencers Group Ltd
82.69,193435.0,0,0.0,0.168,5.98,0.502318911563945,0.4317285302298242,1136.4346153846147,11.153846153846153,0,35.0,0,0,Standout Aesthetics Limited
80.61,53954.0,0,0.0,0.15,7.5,0.18080364429687446,-0.16502935937001975,2559.9099999999985,0.0,0,108.0,0,1,Star Marketing Solutions Ltd
88.59,37371.0,0,0.0,0.628,1.12,0.856162034144126,7.167601088646967,92.32500000000036,4.75,0,268.0,0,0,Stevnson Property Services Ltd
72.48,444266.0,0,0.0,0.233,4.52,0.2823170206486425,0.33089259302615026,1930.910769230772,2.230769230769231,13,46.0,0,1,Stockport Jungle Ltd
62.02,526108.0,0,0.0,-0.03,50.0,0.5479180108720667,1.0006173262115252,14952.522857142869,5.0,0,12.0,0,0,Stormhold Hospitality Ltd
72.84,81242.0,0,0.0,-0.077,13.87,0.8932197871363087,0.751744029627289,216.37384615384684,0.6923076923076923,7,51.0,0,0,Suede Hosting Ltd
86.11,35916.0,0,0.0,0.082,12.16,1.3207092274708478,-0.6502809965675577,502.9184615384639,2.076923076923077,0,56.0,0,0,T & L Hurley Ltd
67.2,3059.0,0,0.0,-0.016,50.0,0.7556101369047734,-0.32513774461543765,447.066,0.0,0,35.0,0,0,T44J Ltd
54.32,326725.0,0,0.0,-0.036,23.88,0.29568032827341983,-0.021969359420061743,10600.364615384613,0.5384615384615384,2,25.0,0,1,Taste Of Bengal Broadway Ltd
80.77,34748.0,0,0.0,-0.064,7.88,0.3689434059415264,-0.1760195518737379,149.7930769230775,8.307692307692308,0,34.0,0,0,The Body Fix Coach Limited
93.66,91888.0,0,0.0,-0.373,39.57,0.617711144584559,-0.15986084118729538,2420.1875000000023,0.0,0,26.0,0,0,The Boot Country Pub Ltd
64.96,476351.0,0,0.0,-0.266,19.13,0.5622021140660916,0.15641496950714426,7576.773846153863,1.3076923076923077,5,17.0,0,0,The Ceo Lounge Ltd
50.0,81421.0,0,0.0,-0.169,48.53,0.5379213245559447,1.1369920434247458,1613.7416666666657,0.0,0,30.0,0,0,The Comfy Clothing Wardrobe Ltd
79.23,126839.0,0,0.0,-0.007,31.52,0.36244143758979097,-0.05030293271111085,476.6592307692316,3.8461538461538463,0,65.0,0,0,The Coven Ltd
92.13,37513.0,0,0.0,0.035,42.63,1.033125594316077,-0.8334741865839108,1976.894999999998,0.0,0,10.0,0,0,The Daisy Patch
72.99,1342408.0,0,0.0,0.012,50.0,0.45161392266998457,0.07345977885894155,2456.962307692334,7.230769230769231,1,71.0,0,0,The Fuel Agency (Uk) Ltd
88.07,655082.0,0,0.0,-0.115,25.21,0.23957035716013816,0.09002581126886916,1839.4815384615572,4.3076923076923075,0,55.0,0,1,The Gangway Sheringham Limited
34.7,37747.0,0,0.0,-0.519,7.19,0.9463084759408832,2.1365436977414576,349.0838461538472,2.3846153846153846,0,45.0,0,0,The Gluten Free World Ltd
82.57,20509.0,0,0.0,-0.014,50.0,0.30245776547893344,0.025379450644772664,11.282000000000028,10.1,0,34.0,0,0,The Nail Label Limited
79.31,12066.0,0,0.0,0.005,50.0,0.03459381153491703,-0.06687418994628214,799.5250000000001,0.0,0,14.0,0,1,The Spirits Corner Hull Ltd
91.7,59694.0,0,0.0,0.272,12.67,0.6961498017618803,0.9956625479232161,8165.943999999998,0.0,0,37.0,0,0,Them Paint Guys Limited
48.66,74257.0,0,0.0,-0.247,7.4,1.3465089288136751,-0.5387333620538622,9337.980999999992,0.0,0,24.0,0,0,Thor Ltd
60.96,634635.0,0,0.0,-0.175,5.48,0.6973273544649295,2.0317456900585342,8393.360769230789,1.1538461538461537,0,37.0,0,0,Totes Luxe Uk Ltd
76.02,53430.0,0,0.0,0.018,22.36,0.3487737462859274,0.038338880958590914,5.839999999999088,11.923076923076923,4,76.0,0,0,Tradedesk Team Ltd
77.86,36695.0,0,0.0,0.088,11.37,0.3009127155407146,0.00466548400302664,3.2988888888889583,8.11111111111111,0,11.0,0,1,Trim Fadeys Limited
81.6,896619.0,0,0.0,0.111,4.97,0.3384642365274284,0.25895571499768855,2656.516153846161,1.7692307692307692,0,33.0,0,1,Ultimate 2020 Group Ta Trade Glaze
78.78,71344.0,0,0.0,0.148,6.78,0.6677148969388219,1.576906782741403,56.935000000001416,1.3333333333333333,5,24.0,0,0,Vageman Fish Limited
78.78,71344.0,0,0.0,0.148,6.78,0.6677148969388219,1.576906782741403,56.935000000001416,1.3333333333333333,5,24.0,0,0,Vagemanfish Ltd
50.0,626.0,0,0.0,-1.0,10.0,0.5,0.0,1113.9200000000003,0.0,0,24.0,0,1,Verve Gb
87.35,171189.0,0,0.0,-1.0,4.9,0.4977235724344032,-0.009091211641654592,6999.947692307678,1.0769230769230769,4,82.0,0,0,Vision Et Consilium Ltd
91.08,191176.0,0,0.0,-0.031,50.0,1.0599406045102624,1.587145914055839,4910.553076923077,5.0,0,36.0,0,0,Voltanic Ltd
83.1,125248.0,0,0.0,0.317,3.34,0.7940815109402645,0.26590303573456153,1628.6284615384598,12.076923076923077,10,133.0,0,0,We Design It Ltd
67.35,38708.0,0,0.0,0.094,11.38,0.31600462850788313,0.17993126593208236,111.89692307692286,2.923076923076923,16,94.0,0,1,We Style Any Dog Limited
91.33,145977.0,0,0.0,-0.03,14.08,0.48985178632185605,0.6374462789992812,2512.3766666666684,1.5,0,32.0,0,0,White Canvas Bridal Ltd Transactions
91.33,27855.0,0,0.0,0.139,7.21,0.2259678241838126,0.5838719144860823,4288.68,2.0,0,32.0,0,1,White Canvas Bridal Ltd
92.34,432609.0,0,0.0,0.05,13.67,1.0597169284892294,-0.8136740981277508,3510.5974999999976,0.25,0,42.0,0,0,White Oak Design Studio Ltd
50.0,10917.0,0,0.0,-1.0,6.5,1.3671498597533784,6.823052267803105,-19.58333333333248,9.25,1,29.0,0,0,White Sea Technologies Limited
82.14,37899.0,0,0.0,0.243,3.83,0.5,0.0,582.9899999999984,4.0,0,63.0,0,1,Wild Bru And Lavers Ltd
66.65,395086.0,0,0.0,-0.304,50.0,0.9189575534237385,-0.5270637152141763,90378.69230769227,0.8461538461538461,0,12.0,0,1,Witham Pizza Ltd
72.74,845895.0,0,0.0,0.0902113792211519,23.19,0.23535355447106437,0.36880990667763874,41711.34076923078,0.0,0,12.0,0,1,Wmj Group Limited
87.4,549630.0,0,0.0,-0.061,14.92,0.47589021865931896,-0.12723138370714954,-47.026923076918436,18.23076923076923,0,50.0,0,1,Wyevalleycatering Ltd
54.86,34252.0,0,0.0,-0.001,50.0,0.5367837616457285,0.5392746833422435,242.13769230769216,0.8461538461538461,0,109.0,0,0,Xtc Clothing
78.64,4569.0,0,0.0,-0.079,10.0,0.7837169806131968,-0.9709197446765566,279.76666666666677,0.0,0,49.0,0,0,Ylk Group Ltd
85.07,18535.0,0,0.0,-0.619,50.0,0.6225801750464635,-0.7673952691165299,3411.634999999999,0.0,0,13.0,0,0,Yoga Management Ltd
78.09,5333.0,0,0.0,-0.462,5.21,1.2574820937162194,1.2436354318133058,12.111428571428702,1.8571428571428572,0,83.0,0,0,Ys Traders Limited
61.17,16325.0,0,0.0,0.036,28.04,0.809134416010739,1.0025867347054902,-10.051428571428394,25.142857142857142,0,35.0,0,0,Zainobu Limited
